条目ID,名称,目的地,字段,当前口径,状态,处理建议
A201,亚龙湾,三亚,门票与预约,以官方渠道为准（待核实）,完全兜底,以官方渠道当日公告回填票价、预约、放票和开放时间
A201,亚龙湾,三亚,开放时间,以官方渠道为准（待核实）,完全兜底,以官方渠道当日公告回填票价、预约、放票和开放时间
A202,蜈支洲岛,三亚,门票与预约,以官方渠道为准（待核实）,完全兜底,以官方渠道当日公告回填票价、预约、放票和开放时间
A202,蜈支洲岛,三亚,开放时间,以官方渠道为准（待核实）,完全兜底,以官方渠道当日公告回填票价、预约、放票和开放时间
A203,天涯海角,三亚,门票与预约,以官方渠道为准（待核实）,完全兜底,以官方渠道当日公告回填票价、预约、放票和开放时间
A203,天涯海角,三亚,开放时间,以官方渠道为准（待核实）,完全兜底,以官方渠道当日公告回填票价、预约、放票和开放时间
A204,南山文化旅游区,三亚,门票与预约,以官方渠道为准（待核实）,完全兜底,以官方渠道当日公告回填票价、预约、放票和开放时间
A204,南山文化旅游区,三亚,开放时间,以官方渠道为准（待核实）,完全兜底,以官方渠道当日公告回填票价、预约、放票和开放时间
A205,亚龙湾热带天堂森林公园,三亚,门票与预约,以官方渠道为准（待核实）,完全兜底,以官方渠道当日公告回填票价、预约、放票和开放时间
A205,亚龙湾热带天堂森林公园,三亚,开放时间,以官方渠道为准（待核实）,完全兜底,以官方渠道当日公告回填票价、预约、放票和开放时间
A206,三亚湾,三亚,门票与预约,以官方渠道为准（待核实）,完全兜底,以官方渠道当日公告回填票价、预约、放票和开放时间
A206,三亚湾,三亚,开放时间,以官方渠道为准（待核实）,完全兜底,以官方渠道当日公告回填票价、预约、放票和开放时间
A207,大小洞天,三亚,门票与预约,以官方渠道为准（待核实）,完全兜底,以官方渠道当日公告回填票价、预约、放票和开放时间
A207,大小洞天,三亚,开放时间,以官方渠道为准（待核实）,完全兜底,以官方渠道当日公告回填票价、预约、放票和开放时间
A208,海棠湾,三亚,门票与预约,以官方渠道为准（待核实）,完全兜底,以官方渠道当日公告回填票价、预约、放票和开放时间
A208,海棠湾,三亚,开放时间,以官方渠道为准（待核实）,完全兜底,以官方渠道当日公告回填票价、预约、放票和开放时间
A209,大东海旅游区,三亚,门票与预约,以官方渠道为准（待核实）,完全兜底,以官方渠道当日公告回填票价、预约、放票和开放时间
A209,大东海旅游区,三亚,开放时间,以官方渠道为准（待核实）,完全兜底,以官方渠道当日公告回填票价、预约、放票和开放时间
A210,三亚千古情景区,三亚,门票与预约,以官方渠道为准（待核实）,完全兜底,以官方渠道当日公告回填票价、预约、放票和开放时间
A210,三亚千古情景区,三亚,开放时间,以官方渠道为准（待核实）,完全兜底,以官方渠道当日公告回填票价、预约、放票和开放时间
A332,上海迪士尼乐园,上海,门票与预约,以官方渠道为准（待核实）,完全兜底,以官方渠道当日公告回填票价、预约、放票和开放时间
A332,上海迪士尼乐园,上海,开放时间,以官方渠道为准（待核实）,完全兜底,以官方渠道当日公告回填票价、预约、放票和开放时间
A333,豫园与城隍庙,上海,门票与预约,以官方渠道为准（待核实）,完全兜底,以官方渠道当日公告回填票价、预约、放票和开放时间
A333,豫园与城隍庙,上海,开放时间,以官方渠道为准（待核实）,完全兜底,以官方渠道当日公告回填票价、预约、放票和开放时间
A334,上海博物馆,上海,门票与预约,以官方渠道为准（待核实）,完全兜底,以官方渠道当日公告回填票价、预约、放票和开放时间
A334,上海博物馆,上海,开放时间,以官方渠道为准（待核实）,完全兜底,以官方渠道当日公告回填票价、预约、放票和开放时间
A335,陆家嘴,上海,门票与预约,以官方渠道为准（待核实）,完全兜底,以官方渠道当日公告回填票价、预约、放票和开放时间
A335,陆家嘴,上海,开放时间,以官方渠道为准（待核实）,完全兜底,以官方渠道当日公告回填票价、预约、放票和开放时间
A336,多伦路文化名人街,上海,门票与预约,以官方渠道为准（待核实）,完全兜底,以官方渠道当日公告回填票价、预约、放票和开放时间
A336,多伦路文化名人街,上海,开放时间,以官方渠道为准（待核实）,完全兜底,以官方渠道当日公告回填票价、预约、放票和开放时间
A337,朱家角古镇,上海,门票与预约,以官方渠道为准（待核实）,完全兜底,以官方渠道当日公告回填票价、预约、放票和开放时间
A337,朱家角古镇,上海,开放时间,以官方渠道为准（待核实）,完全兜底,以官方渠道当日公告回填票价、预约、放票和开放时间
A338,上海科技馆,上海,门票与预约,以官方渠道为准（待核实）,完全兜底,以官方渠道当日公告回填票价、预约、放票和开放时间
A338,上海科技馆,上海,开放时间,以官方渠道为准（待核实）,完全兜底,以官方渠道当日公告回填票价、预约、放票和开放时间
A339,田子坊,上海,门票与预约,以官方渠道为准（待核实）,完全兜底,以官方渠道当日公告回填票价、预约、放票和开放时间
A339,田子坊,上海,开放时间,以官方渠道为准（待核实）,完全兜底,以官方渠道当日公告回填票价、预约、放票和开放时间
A340,上海自然博物馆,上海,门票与预约,以官方渠道为准（待核实）,完全兜底,以官方渠道当日公告回填票价、预约、放票和开放时间
A340,上海自然博物馆,上海,开放时间,以官方渠道为准（待核实）,完全兜底,以官方渠道当日公告回填票价、预约、放票和开放时间
A091,那拉提草原,伊犁,门票与预约,以官方渠道为准（待核实）,完全兜底,以官方渠道当日公告回填票价、预约、放票和开放时间
A091,那拉提草原,伊犁,开放时间,以官方渠道为准（待核实）,完全兜底,以官方渠道当日公告回填票价、预约、放票和开放时间
A092,喀拉峻草原,伊犁,门票与预约,以官方渠道为准（待核实）,完全兜底,以官方渠道当日公告回填票价、预约、放票和开放时间
A092,喀拉峻草原,伊犁,开放时间,以官方渠道为准（待核实）,完全兜底,以官方渠道当日公告回填票价、预约、放票和开放时间
A093,赛里木湖,伊犁,门票与预约,以官方渠道为准（待核实）,完全兜底,以官方渠道当日公告回填票价、预约、放票和开放时间
A093,赛里木湖,伊犁,开放时间,以官方渠道为准（待核实）,完全兜底,以官方渠道当日公告回填票价、预约、放票和开放时间
A094,果子沟大桥,伊犁,门票与预约,以官方渠道为准（待核实）,完全兜底,以官方渠道当日公告回填票价、预约、放票和开放时间
A094,果子沟大桥,伊犁,开放时间,以官方渠道为准（待核实）,完全兜底,以官方渠道当日公告回填票价、预约、放票和开放时间
A095,霍城薰衣草园,伊犁,门票与预约,以官方渠道为准（待核实）,完全兜底,以官方渠道当日公告回填票价、预约、放票和开放时间
A095,霍城薰衣草园,伊犁,开放时间,以官方渠道为准（待核实）,完全兜底,以官方渠道当日公告回填票价、预约、放票和开放时间
A096,伊宁市,伊犁,门票与预约,以官方渠道为准（待核实）,完全兜底,以官方渠道当日公告回填票价、预约、放票和开放时间
A096,伊宁市,伊犁,开放时间,以官方渠道为准（待核实）,完全兜底,以官方渠道当日公告回填票价、预约、放票和开放时间
A097,独库公路,伊犁,门票与预约,以官方渠道为准（待核实）,完全兜底,以官方渠道当日公告回填票价、预约、放票和开放时间
A097,独库公路,伊犁,开放时间,以官方渠道为准（待核实）,完全兜底,以官方渠道当日公告回填票价、预约、放票和开放时间
A098,特克斯八卦城,伊犁,门票与预约,以官方渠道为准（待核实）,完全兜底,以官方渠道当日公告回填票价、预约、放票和开放时间
A098,特克斯八卦城,伊犁,开放时间,以官方渠道为准（待核实）,完全兜底,以官方渠道当日公告回填票价、预约、放票和开放时间
A099,喀赞其民俗旅游区,伊犁,门票与预约,以官方渠道为准（待核实）,完全兜底,以官方渠道当日公告回填票价、预约、放票和开放时间
A099,喀赞其民俗旅游区,伊犁,开放时间,以官方渠道为准（待核实）,完全兜底,以官方渠道当日公告回填票价、预约、放票和开放时间
A100,夏塔旅游区,伊犁,门票与预约,以官方渠道为准（待核实）,完全兜底,以官方渠道当日公告回填票价、预约、放票和开放时间
A100,夏塔旅游区,伊犁,开放时间,以官方渠道为准（待核实）,完全兜底,以官方渠道当日公告回填票价、预约、放票和开放时间
A002,八达岭长城,北京,开放时间,以官方渠道为准（待核实）,完全兜底,以官方渠道当日公告回填票价、预约、放票和开放时间
A005,圆明园遗址公园,北京,门票与预约,公园门票需购票或预约；遗址区票务规则以官方渠道当日公告为准（待核实）,部分兜底,以官方渠道当日公告回填票价、预约、放票和开放时间
A005,圆明园遗址公园,北京,开放时间,以官方渠道当日公告为准（待核实）,完全兜底,以官方渠道当日公告回填票价、预约、放票和开放时间
A007,天安门广场,北京,门票与预约,以官方渠道为准（待核实）,完全兜底,以官方渠道当日公告回填票价、预约、放票和开放时间
A007,天安门广场,北京,开放时间,以官方渠道为准（待核实）,完全兜底,以官方渠道当日公告回填票价、预约、放票和开放时间
A008,什刹海与南锣鼓巷,北京,门票与预约,以官方渠道为准（待核实）,完全兜底,以官方渠道当日公告回填票价、预约、放票和开放时间
A008,什刹海与南锣鼓巷,北京,开放时间,以官方渠道为准（待核实）,完全兜底,以官方渠道当日公告回填票价、预约、放票和开放时间
A009,北海公园,北京,门票与预约,以官方渠道为准（待核实）,完全兜底,以官方渠道当日公告回填票价、预约、放票和开放时间
A009,北海公园,北京,开放时间,以官方渠道为准（待核实）,完全兜底,以官方渠道当日公告回填票价、预约、放票和开放时间
A010,798艺术区,北京,门票与预约,以官方渠道为准（待核实）,完全兜底,以官方渠道当日公告回填票价、预约、放票和开放时间
A010,798艺术区,北京,开放时间,以官方渠道为准（待核实）,完全兜底,以官方渠道当日公告回填票价、预约、放票和开放时间
A101,喀纳斯湖,北疆（乌鲁木齐-喀纳斯）,门票与预约,以官方渠道为准（待核实）,完全兜底,以官方渠道当日公告回填票价、预约、放票和开放时间
A101,喀纳斯湖,北疆（乌鲁木齐-喀纳斯）,开放时间,以官方渠道为准（待核实）,完全兜底,以官方渠道当日公告回填票价、预约、放票和开放时间
A102,禾木村,北疆（乌鲁木齐-喀纳斯）,门票与预约,以官方渠道为准（待核实）,完全兜底,以官方渠道当日公告回填票价、预约、放票和开放时间
A102,禾木村,北疆（乌鲁木齐-喀纳斯）,开放时间,以官方渠道为准（待核实）,完全兜底,以官方渠道当日公告回填票价、预约、放票和开放时间
A103,天山天池,北疆（乌鲁木齐-喀纳斯）,门票与预约,以官方渠道为准（待核实）,完全兜底,以官方渠道当日公告回填票价、预约、放票和开放时间
A103,天山天池,北疆（乌鲁木齐-喀纳斯）,开放时间,以官方渠道为准（待核实）,完全兜底,以官方渠道当日公告回填票价、预约、放票和开放时间
A104,乌鲁木齐国际大巴扎,北疆（乌鲁木齐-喀纳斯）,门票与预约,以官方渠道为准（待核实）,完全兜底,以官方渠道当日公告回填票价、预约、放票和开放时间
A104,乌鲁木齐国际大巴扎,北疆（乌鲁木齐-喀纳斯）,开放时间,以官方渠道为准（待核实）,完全兜底,以官方渠道当日公告回填票价、预约、放票和开放时间
A105,可可托海,北疆（乌鲁木齐-喀纳斯）,门票与预约,以官方渠道为准（待核实）,完全兜底,以官方渠道当日公告回填票价、预约、放票和开放时间
A105,可可托海,北疆（乌鲁木齐-喀纳斯）,开放时间,以官方渠道为准（待核实）,完全兜底,以官方渠道当日公告回填票价、预约、放票和开放时间
A106,白哈巴村,北疆（乌鲁木齐-喀纳斯）,门票与预约,以官方渠道为准（待核实）,完全兜底,以官方渠道当日公告回填票价、预约、放票和开放时间
A106,白哈巴村,北疆（乌鲁木齐-喀纳斯）,开放时间,以官方渠道为准（待核实）,完全兜底,以官方渠道当日公告回填票价、预约、放票和开放时间
A107,五彩滩,北疆（乌鲁木齐-喀纳斯）,门票与预约,以官方渠道为准（待核实）,完全兜底,以官方渠道当日公告回填票价、预约、放票和开放时间
A107,五彩滩,北疆（乌鲁木齐-喀纳斯）,开放时间,以官方渠道为准（待核实）,完全兜底,以官方渠道当日公告回填票价、预约、放票和开放时间
A108,赛里木湖,北疆（乌鲁木齐-喀纳斯）,门票与预约,以官方渠道为准（待核实）,完全兜底,以官方渠道当日公告回填票价、预约、放票和开放时间
A108,赛里木湖,北疆（乌鲁木齐-喀纳斯）,开放时间,以官方渠道为准（待核实）,完全兜底,以官方渠道当日公告回填票价、预约、放票和开放时间
A109,天山大峡谷,北疆（乌鲁木齐-喀纳斯）,门票与预约,以官方渠道为准（待核实）,完全兜底,以官方渠道当日公告回填票价、预约、放票和开放时间
A109,天山大峡谷,北疆（乌鲁木齐-喀纳斯）,开放时间,以官方渠道为准（待核实）,完全兜底,以官方渠道当日公告回填票价、预约、放票和开放时间
A110,可可苏里,北疆（乌鲁木齐-喀纳斯）,门票与预约,以官方渠道为准（待核实）,完全兜底,以官方渠道当日公告回填票价、预约、放票和开放时间
A110,可可苏里,北疆（乌鲁木齐-喀纳斯）,开放时间,以官方渠道为准（待核实）,完全兜底,以官方渠道当日公告回填票价、预约、放票和开放时间
A271,中山陵,南京,门票与预约,通过官网或官方渠道实名预约；具体票务和放票规则以官方渠道当日公告为准（待核实）,部分兜底,以官方渠道当日公告回填票价、预约、放票和开放时间
A271,中山陵,南京,开放时间,以官方渠道为准（待核实）,完全兜底,以官方渠道当日公告回填票价、预约、放票和开放时间
A274,夫子庙与秦淮河,南京,门票与预约,以官方渠道为准（待核实）,完全兜底,以官方渠道当日公告回填票价、预约、放票和开放时间
A274,夫子庙与秦淮河,南京,开放时间,以官方渠道为准（待核实）,完全兜底,以官方渠道当日公告回填票价、预约、放票和开放时间
A275,明城墙,南京,门票与预约,以官方渠道为准（待核实）,完全兜底,以官方渠道当日公告回填票价、预约、放票和开放时间
A275,明城墙,南京,开放时间,以官方渠道为准（待核实）,完全兜底,以官方渠道当日公告回填票价、预约、放票和开放时间
A276,玄武湖公园,南京,门票与预约,以官方渠道为准（待核实）,完全兜底,以官方渠道当日公告回填票价、预约、放票和开放时间
A276,玄武湖公园,南京,开放时间,以官方渠道为准（待核实）,完全兜底,以官方渠道当日公告回填票价、预约、放票和开放时间
A277,先锋书店五台山店,南京,门票与预约,以官方渠道为准（待核实）,完全兜底,以官方渠道当日公告回填票价、预约、放票和开放时间
A277,先锋书店五台山店,南京,开放时间,以官方渠道为准（待核实）,完全兜底,以官方渠道当日公告回填票价、预约、放票和开放时间
A278,老门东,南京,门票与预约,以官方渠道为准（待核实）,完全兜底,以官方渠道当日公告回填票价、预约、放票和开放时间
A278,老门东,南京,开放时间,以官方渠道为准（待核实）,完全兜底,以官方渠道当日公告回填票价、预约、放票和开放时间
A279,鸡鸣寺,南京,门票与预约,以官方渠道为准（待核实）,完全兜底,以官方渠道当日公告回填票价、预约、放票和开放时间
A279,鸡鸣寺,南京,开放时间,以官方渠道为准（待核实）,完全兜底,以官方渠道当日公告回填票价、预约、放票和开放时间
A280,南京眼步行桥,南京,门票与预约,以官方渠道为准（待核实）,完全兜底,以官方渠道当日公告回填票价、预约、放票和开放时间
A280,南京眼步行桥,南京,开放时间,以官方渠道为准（待核实）,完全兜底,以官方渠道当日公告回填票价、预约、放票和开放时间
A261,鼓浪屿,厦门,门票与预约,以官方渠道为准（待核实）,完全兜底,以官方渠道当日公告回填票价、预约、放票和开放时间
A261,鼓浪屿,厦门,开放时间,以官方渠道为准（待核实）,完全兜底,以官方渠道当日公告回填票价、预约、放票和开放时间
A262,环岛路,厦门,门票与预约,以官方渠道为准（待核实）,完全兜底,以官方渠道当日公告回填票价、预约、放票和开放时间
A262,环岛路,厦门,开放时间,以官方渠道为准（待核实）,完全兜底,以官方渠道当日公告回填票价、预约、放票和开放时间
A263,曾厝垵,厦门,门票与预约,以官方渠道为准（待核实）,完全兜底,以官方渠道当日公告回填票价、预约、放票和开放时间
A263,曾厝垵,厦门,开放时间,以官方渠道为准（待核实）,完全兜底,以官方渠道当日公告回填票价、预约、放票和开放时间
A264,厦门大学,厦门,门票与预约,以官方渠道为准（待核实）,完全兜底,以官方渠道当日公告回填票价、预约、放票和开放时间
A264,厦门大学,厦门,开放时间,以官方渠道为准（待核实）,完全兜底,以官方渠道当日公告回填票价、预约、放票和开放时间
A265,沙坡尾,厦门,门票与预约,以官方渠道为准（待核实）,完全兜底,以官方渠道当日公告回填票价、预约、放票和开放时间
A265,沙坡尾,厦门,开放时间,以官方渠道为准（待核实）,完全兜底,以官方渠道当日公告回填票价、预约、放票和开放时间
A266,南普陀寺,厦门,门票与预约,以官方渠道为准（待核实）,完全兜底,以官方渠道当日公告回填票价、预约、放票和开放时间
A266,南普陀寺,厦门,开放时间,以官方渠道为准（待核实）,完全兜底,以官方渠道当日公告回填票价、预约、放票和开放时间
A267,胡里山炮台,厦门,门票与预约,以官方渠道为准（待核实）,完全兜底,以官方渠道当日公告回填票价、预约、放票和开放时间
A267,胡里山炮台,厦门,开放时间,以官方渠道为准（待核实）,完全兜底,以官方渠道当日公告回填票价、预约、放票和开放时间
A268,五缘湾湿地公园,厦门,门票与预约,以官方渠道为准（待核实）,完全兜底,以官方渠道当日公告回填票价、预约、放票和开放时间
A268,五缘湾湿地公园,厦门,开放时间,以官方渠道为准（待核实）,完全兜底,以官方渠道当日公告回填票价、预约、放票和开放时间
A269,中山路步行街,厦门,门票与预约,以官方渠道为准（待核实）,完全兜底,以官方渠道当日公告回填票价、预约、放票和开放时间
A269,中山路步行街,厦门,开放时间,以官方渠道为准（待核实）,完全兜底,以官方渠道当日公告回填票价、预约、放票和开放时间
A270,演武大桥观景平台,厦门,门票与预约,以官方渠道为准（待核实）,完全兜底,以官方渠道当日公告回填票价、预约、放票和开放时间
A270,演武大桥观景平台,厦门,开放时间,以官方渠道为准（待核实）,完全兜底,以官方渠道当日公告回填票价、预约、放票和开放时间
A051,呼伦贝尔大草原,呼伦贝尔,门票与预约,以官方渠道为准（待核实）,完全兜底,以官方渠道当日公告回填票价、预约、放票和开放时间
A051,呼伦贝尔大草原,呼伦贝尔,开放时间,以官方渠道为准（待核实）,完全兜底,以官方渠道当日公告回填票价、预约、放票和开放时间
A052,额尔古纳湿地,呼伦贝尔,门票与预约,以官方渠道为准（待核实）,完全兜底,以官方渠道当日公告回填票价、预约、放票和开放时间
A052,额尔古纳湿地,呼伦贝尔,开放时间,以官方渠道为准（待核实）,完全兜底,以官方渠道当日公告回填票价、预约、放票和开放时间
A053,满洲里,呼伦贝尔,门票与预约,以官方渠道为准（待核实）,完全兜底,以官方渠道当日公告回填票价、预约、放票和开放时间
A053,满洲里,呼伦贝尔,开放时间,以官方渠道为准（待核实）,完全兜底,以官方渠道当日公告回填票价、预约、放票和开放时间
A054,莫日格勒河,呼伦贝尔,门票与预约,以官方渠道为准（待核实）,完全兜底,以官方渠道当日公告回填票价、预约、放票和开放时间
A054,莫日格勒河,呼伦贝尔,开放时间,以官方渠道为准（待核实）,完全兜底,以官方渠道当日公告回填票价、预约、放票和开放时间
A055,根河,呼伦贝尔,门票与预约,以官方渠道为准（待核实）,完全兜底,以官方渠道当日公告回填票价、预约、放票和开放时间
A055,根河,呼伦贝尔,开放时间,以官方渠道为准（待核实）,完全兜底,以官方渠道当日公告回填票价、预约、放票和开放时间
A056,室韦,呼伦贝尔,门票与预约,以官方渠道为准（待核实）,完全兜底,以官方渠道当日公告回填票价、预约、放票和开放时间
A056,室韦,呼伦贝尔,开放时间,以官方渠道为准（待核实）,完全兜底,以官方渠道当日公告回填票价、预约、放票和开放时间
A057,阿尔山,呼伦贝尔,门票与预约,以官方渠道为准（待核实）,完全兜底,以官方渠道当日公告回填票价、预约、放票和开放时间
A057,阿尔山,呼伦贝尔,开放时间,以官方渠道为准（待核实）,完全兜底,以官方渠道当日公告回填票价、预约、放票和开放时间
A058,敖鲁古雅使鹿部落,呼伦贝尔,门票与预约,以官方渠道为准（待核实）,完全兜底,以官方渠道当日公告回填票价、预约、放票和开放时间
A058,敖鲁古雅使鹿部落,呼伦贝尔,开放时间,以官方渠道为准（待核实）,完全兜底,以官方渠道当日公告回填票价、预约、放票和开放时间
A059,套娃广场,呼伦贝尔,门票与预约,以官方渠道为准（待核实）,完全兜底,以官方渠道当日公告回填票价、预约、放票和开放时间
A059,套娃广场,呼伦贝尔,开放时间,以官方渠道为准（待核实）,完全兜底,以官方渠道当日公告回填票价、预约、放票和开放时间
A060,黑山头草原,呼伦贝尔,门票与预约,以官方渠道为准（待核实）,完全兜底,以官方渠道当日公告回填票价、预约、放票和开放时间
A060,黑山头草原,呼伦贝尔,开放时间,以官方渠道为准（待核实）,完全兜底,以官方渠道当日公告回填票价、预约、放票和开放时间
A121,哈尔滨冰雪大世界,哈尔滨,门票与预约,以官方渠道为准（待核实）,完全兜底,以官方渠道当日公告回填票价、预约、放票和开放时间
A121,哈尔滨冰雪大世界,哈尔滨,开放时间,以官方渠道为准（待核实）,完全兜底,以官方渠道当日公告回填票价、预约、放票和开放时间
A122,中央大街,哈尔滨,门票与预约,以官方渠道为准（待核实）,完全兜底,以官方渠道当日公告回填票价、预约、放票和开放时间
A122,中央大街,哈尔滨,开放时间,以官方渠道为准（待核实）,完全兜底,以官方渠道当日公告回填票价、预约、放票和开放时间
A123,圣索菲亚教堂,哈尔滨,门票与预约,以官方渠道为准（待核实）,完全兜底,以官方渠道当日公告回填票价、预约、放票和开放时间
A123,圣索菲亚教堂,哈尔滨,开放时间,以官方渠道为准（待核实）,完全兜底,以官方渠道当日公告回填票价、预约、放票和开放时间
A124,太阳岛,哈尔滨,门票与预约,以官方渠道为准（待核实）,完全兜底,以官方渠道当日公告回填票价、预约、放票和开放时间
A124,太阳岛,哈尔滨,开放时间,以官方渠道为准（待核实）,完全兜底,以官方渠道当日公告回填票价、预约、放票和开放时间
A125,松花江,哈尔滨,门票与预约,以官方渠道为准（待核实）,完全兜底,以官方渠道当日公告回填票价、预约、放票和开放时间
A125,松花江,哈尔滨,开放时间,以官方渠道为准（待核实）,完全兜底,以官方渠道当日公告回填票价、预约、放票和开放时间
A126,亚布力滑雪场,哈尔滨,门票与预约,以官方渠道为准（待核实）,完全兜底,以官方渠道当日公告回填票价、预约、放票和开放时间
A126,亚布力滑雪场,哈尔滨,开放时间,以官方渠道为准（待核实）,完全兜底,以官方渠道当日公告回填票价、预约、放票和开放时间
A127,东北虎林园,哈尔滨,门票与预约,以官方渠道为准（待核实）,完全兜底,以官方渠道当日公告回填票价、预约、放票和开放时间
A127,东北虎林园,哈尔滨,开放时间,以官方渠道为准（待核实）,完全兜底,以官方渠道当日公告回填票价、预约、放票和开放时间
A128,伏尔加庄园,哈尔滨,门票与预约,以官方渠道为准（待核实）,完全兜底,以官方渠道当日公告回填票价、预约、放票和开放时间
A128,伏尔加庄园,哈尔滨,开放时间,以官方渠道为准（待核实）,完全兜底,以官方渠道当日公告回填票价、预约、放票和开放时间
A129,哈尔滨大剧院,哈尔滨,门票与预约,以官方渠道为准（待核实）,完全兜底,以官方渠道当日公告回填票价、预约、放票和开放时间
A129,哈尔滨大剧院,哈尔滨,开放时间,以官方渠道为准（待核实）,完全兜底,以官方渠道当日公告回填票价、预约、放票和开放时间
A130,群力外滩湿地公园,哈尔滨,门票与预约,以官方渠道为准（待核实）,完全兜底,以官方渠道当日公告回填票价、预约、放票和开放时间
A130,群力外滩湿地公园,哈尔滨,开放时间,以官方渠道为准（待核实）,完全兜底,以官方渠道当日公告回填票价、预约、放票和开放时间
A181,洱海,大理-丽江,开放时间,古城街区全天开放；馆点开放时间以官方渠道当日公告为准（待核实）,部分兜底,以官方渠道当日公告回填票价、预约、放票和开放时间
A182,大理古城,大理-丽江,门票与预约,以官方渠道为准（待核实）,完全兜底,以官方渠道当日公告回填票价、预约、放票和开放时间
A182,大理古城,大理-丽江,开放时间,以官方渠道为准（待核实）,完全兜底,以官方渠道当日公告回填票价、预约、放票和开放时间
A183,崇圣寺三塔,大理-丽江,门票与预约,以官方渠道为准（待核实）,完全兜底,以官方渠道当日公告回填票价、预约、放票和开放时间
A183,崇圣寺三塔,大理-丽江,开放时间,以官方渠道为准（待核实）,完全兜底,以官方渠道当日公告回填票价、预约、放票和开放时间
A184,丽江古城,大理-丽江,门票与预约,以官方渠道为准（待核实）,完全兜底,以官方渠道当日公告回填票价、预约、放票和开放时间
A184,丽江古城,大理-丽江,开放时间,以官方渠道为准（待核实）,完全兜底,以官方渠道当日公告回填票价、预约、放票和开放时间
A185,玉龙雪山,大理-丽江,门票与预约,以官方渠道为准（待核实）,完全兜底,以官方渠道当日公告回填票价、预约、放票和开放时间
A185,玉龙雪山,大理-丽江,开放时间,以官方渠道为准（待核实）,完全兜底,以官方渠道当日公告回填票价、预约、放票和开放时间
A186,束河古镇,大理-丽江,门票与预约,以官方渠道为准（待核实）,完全兜底,以官方渠道当日公告回填票价、预约、放票和开放时间
A186,束河古镇,大理-丽江,开放时间,以官方渠道为准（待核实）,完全兜底,以官方渠道当日公告回填票价、预约、放票和开放时间
A187,白沙古镇,大理-丽江,门票与预约,以官方渠道为准（待核实）,完全兜底,以官方渠道当日公告回填票价、预约、放票和开放时间
A187,白沙古镇,大理-丽江,开放时间,以官方渠道为准（待核实）,完全兜底,以官方渠道当日公告回填票价、预约、放票和开放时间
A188,苍山,大理-丽江,门票与预约,以官方渠道为准（待核实）,完全兜底,以官方渠道当日公告回填票价、预约、放票和开放时间
A188,苍山,大理-丽江,开放时间,以官方渠道为准（待核实）,完全兜底,以官方渠道当日公告回填票价、预约、放票和开放时间
A189,双廊古镇,大理-丽江,门票与预约,以官方渠道为准（待核实）,完全兜底,以官方渠道当日公告回填票价、预约、放票和开放时间
A189,双廊古镇,大理-丽江,开放时间,以官方渠道为准（待核实）,完全兜底,以官方渠道当日公告回填票价、预约、放票和开放时间
A190,蓝月谷,大理-丽江,门票与预约,以官方渠道为准（待核实）,完全兜底,以官方渠道当日公告回填票价、预约、放票和开放时间
A190,蓝月谷,大理-丽江,开放时间,以官方渠道为准（待核实）,完全兜底,以官方渠道当日公告回填票价、预约、放票和开放时间
A011,江岭,婺源,门票与预约,以官方渠道为准（待核实）,完全兜底,以官方渠道当日公告回填票价、预约、放票和开放时间
A011,江岭,婺源,开放时间,以官方渠道为准（待核实）,完全兜底,以官方渠道当日公告回填票价、预约、放票和开放时间
A012,篁岭,婺源,门票与预约,以官方渠道为准（待核实）,完全兜底,以官方渠道当日公告回填票价、预约、放票和开放时间
A012,篁岭,婺源,开放时间,以官方渠道为准（待核实）,完全兜底,以官方渠道当日公告回填票价、预约、放票和开放时间
A013,思溪延村,婺源,门票与预约,以官方渠道为准（待核实）,完全兜底,以官方渠道当日公告回填票价、预约、放票和开放时间
A013,思溪延村,婺源,开放时间,以官方渠道为准（待核实）,完全兜底,以官方渠道当日公告回填票价、预约、放票和开放时间
A014,李坑,婺源,门票与预约,以官方渠道为准（待核实）,完全兜底,以官方渠道当日公告回填票价、预约、放票和开放时间
A014,李坑,婺源,开放时间,以官方渠道为准（待核实）,完全兜底,以官方渠道当日公告回填票价、预约、放票和开放时间
A015,汪口,婺源,门票与预约,以官方渠道为准（待核实）,完全兜底,以官方渠道当日公告回填票价、预约、放票和开放时间
A015,汪口,婺源,开放时间,以官方渠道为准（待核实）,完全兜底,以官方渠道当日公告回填票价、预约、放票和开放时间
A016,江湾,婺源,门票与预约,以官方渠道为准（待核实）,完全兜底,以官方渠道当日公告回填票价、预约、放票和开放时间
A016,江湾,婺源,开放时间,以官方渠道为准（待核实）,完全兜底,以官方渠道当日公告回填票价、预约、放票和开放时间
A017,彩虹桥,婺源,门票与预约,以官方渠道为准（待核实）,完全兜底,以官方渠道当日公告回填票价、预约、放票和开放时间
A017,彩虹桥,婺源,开放时间,以官方渠道为准（待核实）,完全兜底,以官方渠道当日公告回填票价、预约、放票和开放时间
A018,卧龙谷,婺源,门票与预约,以官方渠道为准（待核实）,完全兜底,以官方渠道当日公告回填票价、预约、放票和开放时间
A018,卧龙谷,婺源,开放时间,以官方渠道为准（待核实）,完全兜底,以官方渠道当日公告回填票价、预约、放票和开放时间
A019,晓起村,婺源,门票与预约,以官方渠道为准（待核实）,完全兜底,以官方渠道当日公告回填票价、预约、放票和开放时间
A019,晓起村,婺源,开放时间,以官方渠道为准（待核实）,完全兜底,以官方渠道当日公告回填票价、预约、放票和开放时间
A020,月亮湾,婺源,门票与预约,以官方渠道为准（待核实）,完全兜底,以官方渠道当日公告回填票价、预约、放票和开放时间
A020,月亮湾,婺源,开放时间,以官方渠道为准（待核实）,完全兜底,以官方渠道当日公告回填票价、预约、放票和开放时间
A031,环岛路,平潭,门票与预约,以官方渠道为准（待核实）,完全兜底,以官方渠道当日公告回填票价、预约、放票和开放时间
A031,环岛路,平潭,开放时间,以官方渠道为准（待核实）,完全兜底,以官方渠道当日公告回填票价、预约、放票和开放时间
A032,北港村,平潭,门票与预约,以官方渠道为准（待核实）,完全兜底,以官方渠道当日公告回填票价、预约、放票和开放时间
A032,北港村,平潭,开放时间,以官方渠道为准（待核实）,完全兜底,以官方渠道当日公告回填票价、预约、放票和开放时间
A033,坛南湾,平潭,门票与预约,以官方渠道为准（待核实）,完全兜底,以官方渠道当日公告回填票价、预约、放票和开放时间
A033,坛南湾,平潭,开放时间,以官方渠道为准（待核实）,完全兜底,以官方渠道当日公告回填票价、预约、放票和开放时间
A034,龙王头海滨浴场,平潭,门票与预约,以官方渠道为准（待核实）,完全兜底,以官方渠道当日公告回填票价、预约、放票和开放时间
A034,龙王头海滨浴场,平潭,开放时间,以官方渠道为准（待核实）,完全兜底,以官方渠道当日公告回填票价、预约、放票和开放时间
A035,海坛古城,平潭,门票与预约,以官方渠道为准（待核实）,完全兜底,以官方渠道当日公告回填票价、预约、放票和开放时间
A035,海坛古城,平潭,开放时间,以官方渠道为准（待核实）,完全兜底,以官方渠道当日公告回填票价、预约、放票和开放时间
A036,长江澳,平潭,门票与预约,以官方渠道为准（待核实）,完全兜底,以官方渠道当日公告回填票价、预约、放票和开放时间
A036,长江澳,平潭,开放时间,以官方渠道为准（待核实）,完全兜底,以官方渠道当日公告回填票价、预约、放票和开放时间
A037,君山,平潭,门票与预约,以官方渠道为准（待核实）,完全兜底,以官方渠道当日公告回填票价、预约、放票和开放时间
A037,君山,平潭,开放时间,以官方渠道为准（待核实）,完全兜底,以官方渠道当日公告回填票价、预约、放票和开放时间
A038,蓝眼泪观测点,平潭,门票与预约,以官方渠道为准（待核实）,完全兜底,以官方渠道当日公告回填票价、预约、放票和开放时间
A038,蓝眼泪观测点,平潭,开放时间,以官方渠道为准（待核实）,完全兜底,以官方渠道当日公告回填票价、预约、放票和开放时间
A039,将军山,平潭,门票与预约,以官方渠道为准（待核实）,完全兜底,以官方渠道当日公告回填票价、预约、放票和开放时间
A039,将军山,平潭,开放时间,以官方渠道为准（待核实）,完全兜底,以官方渠道当日公告回填票价、预约、放票和开放时间
A040,石牌洋,平潭,门票与预约,以官方渠道为准（待核实）,完全兜底,以官方渠道当日公告回填票价、预约、放票和开放时间
A040,石牌洋,平潭,开放时间,以官方渠道为准（待核实）,完全兜底,以官方渠道当日公告回填票价、预约、放票和开放时间
A251,广州塔,广州,门票与预约,以官方渠道为准（待核实）,完全兜底,以官方渠道当日公告回填票价、预约、放票和开放时间
A251,广州塔,广州,开放时间,以官方渠道为准（待核实）,完全兜底,以官方渠道当日公告回填票价、预约、放票和开放时间
A252,陈家祠,广州,门票与预约,以官方渠道为准（待核实）,完全兜底,以官方渠道当日公告回填票价、预约、放票和开放时间
A252,陈家祠,广州,开放时间,以官方渠道为准（待核实）,完全兜底,以官方渠道当日公告回填票价、预约、放票和开放时间
A253,沙面,广州,门票与预约,以官方渠道为准（待核实）,完全兜底,以官方渠道当日公告回填票价、预约、放票和开放时间
A253,沙面,广州,开放时间,以官方渠道为准（待核实）,完全兜底,以官方渠道当日公告回填票价、预约、放票和开放时间
A254,上下九步行街,广州,门票与预约,以官方渠道为准（待核实）,完全兜底,以官方渠道当日公告回填票价、预约、放票和开放时间
A254,上下九步行街,广州,开放时间,以官方渠道为准（待核实）,完全兜底,以官方渠道当日公告回填票价、预约、放票和开放时间
A255,珠江新城,广州,门票与预约,以官方渠道为准（待核实）,完全兜底,以官方渠道当日公告回填票价、预约、放票和开放时间
A255,珠江新城,广州,开放时间,以官方渠道为准（待核实）,完全兜底,以官方渠道当日公告回填票价、预约、放票和开放时间
A256,长隆野生动物世界,广州,门票与预约,以官方渠道为准（待核实）,完全兜底,以官方渠道当日公告回填票价、预约、放票和开放时间
A256,长隆野生动物世界,广州,开放时间,以官方渠道为准（待核实）,完全兜底,以官方渠道当日公告回填票价、预约、放票和开放时间
A257,永庆坊,广州,门票与预约,以官方渠道为准（待核实）,完全兜底,以官方渠道当日公告回填票价、预约、放票和开放时间
A257,永庆坊,广州,开放时间,以官方渠道为准（待核实）,完全兜底,以官方渠道当日公告回填票价、预约、放票和开放时间
A258,白云山,广州,门票与预约,以官方渠道为准（待核实）,完全兜底,以官方渠道当日公告回填票价、预约、放票和开放时间
A258,白云山,广州,开放时间,以官方渠道为准（待核实）,完全兜底,以官方渠道当日公告回填票价、预约、放票和开放时间
A259,北京路步行街,广州,门票与预约,以官方渠道为准（待核实）,完全兜底,以官方渠道当日公告回填票价、预约、放票和开放时间
A259,北京路步行街,广州,开放时间,以官方渠道为准（待核实）,完全兜底,以官方渠道当日公告回填票价、预约、放票和开放时间
A260,越秀公园,广州,门票与预约,以官方渠道为准（待核实）,完全兜底,以官方渠道当日公告回填票价、预约、放票和开放时间
A260,越秀公园,广州,开放时间,以官方渠道为准（待核实）,完全兜底,以官方渠道当日公告回填票价、预约、放票和开放时间
A141,张家界国家森林公园,张家界,门票与预约,以官方渠道为准（待核实）,完全兜底,以官方渠道当日公告回填票价、预约、放票和开放时间
A141,张家界国家森林公园,张家界,开放时间,以官方渠道为准（待核实）,完全兜底,以官方渠道当日公告回填票价、预约、放票和开放时间
A142,天门山,张家界,门票与预约,以官方渠道为准（待核实）,完全兜底,以官方渠道当日公告回填票价、预约、放票和开放时间
A142,天门山,张家界,开放时间,以官方渠道为准（待核实）,完全兜底,以官方渠道当日公告回填票价、预约、放票和开放时间
A143,大峡谷玻璃桥,张家界,门票与预约,以官方渠道为准（待核实）,完全兜底,以官方渠道当日公告回填票价、预约、放票和开放时间
A143,大峡谷玻璃桥,张家界,开放时间,以官方渠道为准（待核实）,完全兜底,以官方渠道当日公告回填票价、预约、放票和开放时间
A144,黄龙洞,张家界,门票与预约,以官方渠道为准（待核实）,完全兜底,以官方渠道当日公告回填票价、预约、放票和开放时间
A144,黄龙洞,张家界,开放时间,以官方渠道为准（待核实）,完全兜底,以官方渠道当日公告回填票价、预约、放票和开放时间
A145,金鞭溪,张家界,门票与预约,以官方渠道为准（待核实）,完全兜底,以官方渠道当日公告回填票价、预约、放票和开放时间
A145,金鞭溪,张家界,开放时间,以官方渠道为准（待核实）,完全兜底,以官方渠道当日公告回填票价、预约、放票和开放时间
A146,凤凰古城,张家界,门票与预约,以官方渠道为准（待核实）,完全兜底,以官方渠道当日公告回填票价、预约、放票和开放时间
A146,凤凰古城,张家界,开放时间,以官方渠道为准（待核实）,完全兜底,以官方渠道当日公告回填票价、预约、放票和开放时间
A147,宝峰湖,张家界,门票与预约,以官方渠道为准（待核实）,完全兜底,以官方渠道当日公告回填票价、预约、放票和开放时间
A147,宝峰湖,张家界,开放时间,以官方渠道为准（待核实）,完全兜底,以官方渠道当日公告回填票价、预约、放票和开放时间
A148,芙蓉镇,张家界,门票与预约,以官方渠道为准（待核实）,完全兜底,以官方渠道当日公告回填票价、预约、放票和开放时间
A148,芙蓉镇,张家界,开放时间,以官方渠道为准（待核实）,完全兜底,以官方渠道当日公告回填票价、预约、放票和开放时间
A149,黄石寨,张家界,门票与预约,以官方渠道为准（待核实）,完全兜底,以官方渠道当日公告回填票价、预约、放票和开放时间
A149,黄石寨,张家界,开放时间,以官方渠道为准（待核实）,完全兜底,以官方渠道当日公告回填票价、预约、放票和开放时间
A150,十里画廊,张家界,门票与预约,以官方渠道为准（待核实）,完全兜底,以官方渠道当日公告回填票价、预约、放票和开放时间
A150,十里画廊,张家界,开放时间,以官方渠道为准（待核实）,完全兜底,以官方渠道当日公告回填票价、预约、放票和开放时间
A312,都江堰,成都,门票与预约,以官方渠道为准（待核实）,完全兜底,以官方渠道当日公告回填票价、预约、放票和开放时间
A312,都江堰,成都,开放时间,以官方渠道为准（待核实）,完全兜底,以官方渠道当日公告回填票价、预约、放票和开放时间
A313,宽窄巷子,成都,门票与预约,以官方渠道为准（待核实）,完全兜底,以官方渠道当日公告回填票价、预约、放票和开放时间
A313,宽窄巷子,成都,开放时间,以官方渠道为准（待核实）,完全兜底,以官方渠道当日公告回填票价、预约、放票和开放时间
A314,武侯祠,成都,门票与预约,以官方渠道为准（待核实）,完全兜底,以官方渠道当日公告回填票价、预约、放票和开放时间
A314,武侯祠,成都,开放时间,以官方渠道为准（待核实）,完全兜底,以官方渠道当日公告回填票价、预约、放票和开放时间
A315,锦里古街,成都,门票与预约,以官方渠道为准（待核实）,完全兜底,以官方渠道当日公告回填票价、预约、放票和开放时间
A315,锦里古街,成都,开放时间,以官方渠道为准（待核实）,完全兜底,以官方渠道当日公告回填票价、预约、放票和开放时间
A316,杜甫草堂,成都,门票与预约,以官方渠道为准（待核实）,完全兜底,以官方渠道当日公告回填票价、预约、放票和开放时间
A316,杜甫草堂,成都,开放时间,以官方渠道为准（待核实）,完全兜底,以官方渠道当日公告回填票价、预约、放票和开放时间
A317,青城山,成都,门票与预约,以官方渠道为准（待核实）,完全兜底,以官方渠道当日公告回填票价、预约、放票和开放时间
A317,青城山,成都,开放时间,以官方渠道为准（待核实）,完全兜底,以官方渠道当日公告回填票价、预约、放票和开放时间
A318,人民公园,成都,门票与预约,以官方渠道为准（待核实）,完全兜底,以官方渠道当日公告回填票价、预约、放票和开放时间
A318,人民公园,成都,开放时间,以官方渠道为准（待核实）,完全兜底,以官方渠道当日公告回填票价、预约、放票和开放时间
A319,金沙遗址博物馆,成都,门票与预约,以官方渠道为准（待核实）,完全兜底,以官方渠道当日公告回填票价、预约、放票和开放时间
A319,金沙遗址博物馆,成都,开放时间,以官方渠道为准（待核实）,完全兜底,以官方渠道当日公告回填票价、预约、放票和开放时间
A320,东郊记忆,成都,门票与预约,以官方渠道为准（待核实）,完全兜底,以官方渠道当日公告回填票价、预约、放票和开放时间
A320,东郊记忆,成都,开放时间,以官方渠道为准（待核实）,完全兜底,以官方渠道当日公告回填票价、预约、放票和开放时间
A061,布达拉宫,拉萨,门票与预约,以官方渠道为准（待核实）,完全兜底,以官方渠道当日公告回填票价、预约、放票和开放时间
A061,布达拉宫,拉萨,开放时间,以官方渠道为准（待核实）,完全兜底,以官方渠道当日公告回填票价、预约、放票和开放时间
A062,大昭寺,拉萨,门票与预约,以官方渠道为准（待核实）,完全兜底,以官方渠道当日公告回填票价、预约、放票和开放时间
A062,大昭寺,拉萨,开放时间,以官方渠道为准（待核实）,完全兜底,以官方渠道当日公告回填票价、预约、放票和开放时间
A063,八廓街,拉萨,门票与预约,以官方渠道为准（待核实）,完全兜底,以官方渠道当日公告回填票价、预约、放票和开放时间
A063,八廓街,拉萨,开放时间,以官方渠道为准（待核实）,完全兜底,以官方渠道当日公告回填票价、预约、放票和开放时间
A064,罗布林卡,拉萨,门票与预约,以官方渠道为准（待核实）,完全兜底,以官方渠道当日公告回填票价、预约、放票和开放时间
A064,罗布林卡,拉萨,开放时间,以官方渠道为准（待核实）,完全兜底,以官方渠道当日公告回填票价、预约、放票和开放时间
A065,色拉寺,拉萨,门票与预约,以官方渠道为准（待核实）,完全兜底,以官方渠道当日公告回填票价、预约、放票和开放时间
A065,色拉寺,拉萨,开放时间,以官方渠道为准（待核实）,完全兜底,以官方渠道当日公告回填票价、预约、放票和开放时间
A066,哲蚌寺,拉萨,门票与预约,以官方渠道为准（待核实）,完全兜底,以官方渠道当日公告回填票价、预约、放票和开放时间
A066,哲蚌寺,拉萨,开放时间,以官方渠道为准（待核实）,完全兜底,以官方渠道当日公告回填票价、预约、放票和开放时间
A067,纳木错,拉萨,门票与预约,以官方渠道为准（待核实）,完全兜底,以官方渠道当日公告回填票价、预约、放票和开放时间
A067,纳木错,拉萨,开放时间,以官方渠道为准（待核实）,完全兜底,以官方渠道当日公告回填票价、预约、放票和开放时间
A068,羊卓雍措,拉萨,门票与预约,以官方渠道为准（待核实）,完全兜底,以官方渠道当日公告回填票价、预约、放票和开放时间
A068,羊卓雍措,拉萨,开放时间,以官方渠道为准（待核实）,完全兜底,以官方渠道当日公告回填票价、预约、放票和开放时间
A069,宗角禄康公园,拉萨,门票与预约,以官方渠道为准（待核实）,完全兜底,以官方渠道当日公告回填票价、预约、放票和开放时间
A069,宗角禄康公园,拉萨,开放时间,以官方渠道为准（待核实）,完全兜底,以官方渠道当日公告回填票价、预约、放票和开放时间
A070,西藏博物馆,拉萨,门票与预约,以官方渠道为准（待核实）,完全兜底,以官方渠道当日公告回填票价、预约、放票和开放时间
A070,西藏博物馆,拉萨,开放时间,以官方渠道为准（待核实）,完全兜底,以官方渠道当日公告回填票价、预约、放票和开放时间
A081,莫高窟,敦煌-嘉峪关,门票与预约,以官方渠道为准（待核实）,完全兜底,以官方渠道当日公告回填票价、预约、放票和开放时间
A081,莫高窟,敦煌-嘉峪关,开放时间,以官方渠道为准（待核实）,完全兜底,以官方渠道当日公告回填票价、预约、放票和开放时间
A082,鸣沙山月牙泉,敦煌-嘉峪关,门票与预约,以官方渠道为准（待核实）,完全兜底,以官方渠道当日公告回填票价、预约、放票和开放时间
A082,鸣沙山月牙泉,敦煌-嘉峪关,开放时间,以官方渠道为准（待核实）,完全兜底,以官方渠道当日公告回填票价、预约、放票和开放时间
A083,嘉峪关关城,敦煌-嘉峪关,门票与预约,以官方渠道为准（待核实）,完全兜底,以官方渠道当日公告回填票价、预约、放票和开放时间
A083,嘉峪关关城,敦煌-嘉峪关,开放时间,以官方渠道为准（待核实）,完全兜底,以官方渠道当日公告回填票价、预约、放票和开放时间
A084,张掖七彩丹霞,敦煌-嘉峪关,门票与预约,以官方渠道为准（待核实）,完全兜底,以官方渠道当日公告回填票价、预约、放票和开放时间
A084,张掖七彩丹霞,敦煌-嘉峪关,开放时间,以官方渠道为准（待核实）,完全兜底,以官方渠道当日公告回填票价、预约、放票和开放时间
A085,阳关,敦煌-嘉峪关,门票与预约,以官方渠道为准（待核实）,完全兜底,以官方渠道当日公告回填票价、预约、放票和开放时间
A085,阳关,敦煌-嘉峪关,开放时间,以官方渠道为准（待核实）,完全兜底,以官方渠道当日公告回填票价、预约、放票和开放时间
A086,玉门关,敦煌-嘉峪关,门票与预约,以官方渠道为准（待核实）,完全兜底,以官方渠道当日公告回填票价、预约、放票和开放时间
A086,玉门关,敦煌-嘉峪关,开放时间,以官方渠道为准（待核实）,完全兜底,以官方渠道当日公告回填票价、预约、放票和开放时间
A087,雅丹魔鬼城,敦煌-嘉峪关,门票与预约,以官方渠道为准（待核实）,完全兜底,以官方渠道当日公告回填票价、预约、放票和开放时间
A087,雅丹魔鬼城,敦煌-嘉峪关,开放时间,以官方渠道为准（待核实）,完全兜底,以官方渠道当日公告回填票价、预约、放票和开放时间
A088,敦煌夜市,敦煌-嘉峪关,门票与预约,以官方渠道为准（待核实）,完全兜底,以官方渠道当日公告回填票价、预约、放票和开放时间
A088,敦煌夜市,敦煌-嘉峪关,开放时间,以官方渠道为准（待核实）,完全兜底,以官方渠道当日公告回填票价、预约、放票和开放时间
A089,悬壁长城,敦煌-嘉峪关,门票与预约,以官方渠道为准（待核实）,完全兜底,以官方渠道当日公告回填票价、预约、放票和开放时间
A089,悬壁长城,敦煌-嘉峪关,开放时间,以官方渠道为准（待核实）,完全兜底,以官方渠道当日公告回填票价、预约、放票和开放时间
A090,榆林窟,敦煌-嘉峪关,门票与预约,以官方渠道为准（待核实）,完全兜底,以官方渠道当日公告回填票价、预约、放票和开放时间
A090,榆林窟,敦煌-嘉峪关,开放时间,以官方渠道为准（待核实）,完全兜底,以官方渠道当日公告回填票价、预约、放票和开放时间
A191,滇池,昆明,门票与预约,以官方渠道为准（待核实）,完全兜底,以官方渠道当日公告回填票价、预约、放票和开放时间
A191,滇池,昆明,开放时间,以官方渠道为准（待核实）,完全兜底,以官方渠道当日公告回填票价、预约、放票和开放时间
A192,石林,昆明,门票与预约,以官方渠道为准（待核实）,完全兜底,以官方渠道当日公告回填票价、预约、放票和开放时间
A192,石林,昆明,开放时间,以官方渠道为准（待核实）,完全兜底,以官方渠道当日公告回填票价、预约、放票和开放时间
A193,翠湖与云南大学,昆明,门票与预约,以官方渠道为准（待核实）,完全兜底,以官方渠道当日公告回填票价、预约、放票和开放时间
A193,翠湖与云南大学,昆明,开放时间,以官方渠道为准（待核实）,完全兜底,以官方渠道当日公告回填票价、预约、放票和开放时间
A194,云南民族村,昆明,门票与预约,以官方渠道为准（待核实）,完全兜底,以官方渠道当日公告回填票价、预约、放票和开放时间
A194,云南民族村,昆明,开放时间,以官方渠道为准（待核实）,完全兜底,以官方渠道当日公告回填票价、预约、放票和开放时间
A195,西山,昆明,门票与预约,以官方渠道为准（待核实）,完全兜底,以官方渠道当日公告回填票价、预约、放票和开放时间
A195,西山,昆明,开放时间,以官方渠道为准（待核实）,完全兜底,以官方渠道当日公告回填票价、预约、放票和开放时间
A196,昆明老街,昆明,门票与预约,以官方渠道为准（待核实）,完全兜底,以官方渠道当日公告回填票价、预约、放票和开放时间
A196,昆明老街,昆明,开放时间,以官方渠道为准（待核实）,完全兜底,以官方渠道当日公告回填票价、预约、放票和开放时间
A197,九乡溶洞,昆明,门票与预约,以官方渠道为准（待核实）,完全兜底,以官方渠道当日公告回填票价、预约、放票和开放时间
A197,九乡溶洞,昆明,开放时间,以官方渠道为准（待核实）,完全兜底,以官方渠道当日公告回填票价、预约、放票和开放时间
A198,金马碧鸡坊,昆明,门票与预约,以官方渠道为准（待核实）,完全兜底,以官方渠道当日公告回填票价、预约、放票和开放时间
A198,金马碧鸡坊,昆明,开放时间,以官方渠道为准（待核实）,完全兜底,以官方渠道当日公告回填票价、预约、放票和开放时间
A199,大观楼,昆明,门票与预约,以官方渠道为准（待核实）,完全兜底,以官方渠道当日公告回填票价、预约、放票和开放时间
A199,大观楼,昆明,开放时间,以官方渠道为准（待核实）,完全兜底,以官方渠道当日公告回填票价、预约、放票和开放时间
A200,斗南花市,昆明,门票与预约,以官方渠道为准（待核实）,完全兜底,以官方渠道当日公告回填票价、预约、放票和开放时间
A200,斗南花市,昆明,开放时间,以官方渠道为准（待核实）,完全兜底,以官方渠道当日公告回填票价、预约、放票和开放时间
A292,灵隐寺与飞来峰,杭州,门票与预约,以官方渠道为准（待核实）,完全兜底,以官方渠道当日公告回填票价、预约、放票和开放时间
A292,灵隐寺与飞来峰,杭州,开放时间,以官方渠道为准（待核实）,完全兜底,以官方渠道当日公告回填票价、预约、放票和开放时间
A293,龙井村与梅家坞,杭州,门票与预约,以官方渠道为准（待核实）,完全兜底,以官方渠道当日公告回填票价、预约、放票和开放时间
A293,龙井村与梅家坞,杭州,开放时间,以官方渠道为准（待核实）,完全兜底,以官方渠道当日公告回填票价、预约、放票和开放时间
A294,京杭大运河杭州段,杭州,门票与预约,以官方渠道为准（待核实）,完全兜底,以官方渠道当日公告回填票价、预约、放票和开放时间
A294,京杭大运河杭州段,杭州,开放时间,以官方渠道为准（待核实）,完全兜底,以官方渠道当日公告回填票价、预约、放票和开放时间
A295,西溪国家湿地公园,杭州,门票与预约,以官方渠道为准（待核实）,完全兜底,以官方渠道当日公告回填票价、预约、放票和开放时间
A295,西溪国家湿地公园,杭州,开放时间,以官方渠道为准（待核实）,完全兜底,以官方渠道当日公告回填票价、预约、放票和开放时间
A296,胡雪岩故居,杭州,门票与预约,以官方渠道为准（待核实）,完全兜底,以官方渠道当日公告回填票价、预约、放票和开放时间
A296,胡雪岩故居,杭州,开放时间,以官方渠道为准（待核实）,完全兜底,以官方渠道当日公告回填票价、预约、放票和开放时间
A297,钱塘江与钱江新城,杭州,门票与预约,以官方渠道为准（待核实）,完全兜底,以官方渠道当日公告回填票价、预约、放票和开放时间
A297,钱塘江与钱江新城,杭州,开放时间,以官方渠道为准（待核实）,完全兜底,以官方渠道当日公告回填票价、预约、放票和开放时间
A298,断桥与白堤,杭州,门票与预约,以官方渠道为准（待核实）,完全兜底,以官方渠道当日公告回填票价、预约、放票和开放时间
A298,断桥与白堤,杭州,开放时间,以官方渠道为准（待核实）,完全兜底,以官方渠道当日公告回填票价、预约、放票和开放时间
A299,河坊街,杭州,门票与预约,以官方渠道为准（待核实）,完全兜底,以官方渠道当日公告回填票价、预约、放票和开放时间
A299,河坊街,杭州,开放时间,以官方渠道为准（待核实）,完全兜底,以官方渠道当日公告回填票价、预约、放票和开放时间
A300,九溪十八涧,杭州,门票与预约,以官方渠道为准（待核实）,完全兜底,以官方渠道当日公告回填票价、预约、放票和开放时间
A300,九溪十八涧,杭州,开放时间,以官方渠道为准（待核实）,完全兜底,以官方渠道当日公告回填票价、预约、放票和开放时间
A161,漓江,桂林,门票与预约,以官方渠道为准（待核实）,完全兜底,以官方渠道当日公告回填票价、预约、放票和开放时间
A161,漓江,桂林,开放时间,以官方渠道为准（待核实）,完全兜底,以官方渠道当日公告回填票价、预约、放票和开放时间
A162,阳朔西街,桂林,门票与预约,以官方渠道为准（待核实）,完全兜底,以官方渠道当日公告回填票价、预约、放票和开放时间
A162,阳朔西街,桂林,开放时间,以官方渠道为准（待核实）,完全兜底,以官方渠道当日公告回填票价、预约、放票和开放时间
A163,遇龙河,桂林,门票与预约,以官方渠道为准（待核实）,完全兜底,以官方渠道当日公告回填票价、预约、放票和开放时间
A163,遇龙河,桂林,开放时间,以官方渠道为准（待核实）,完全兜底,以官方渠道当日公告回填票价、预约、放票和开放时间
A164,龙脊梯田,桂林,门票与预约,以官方渠道为准（待核实）,完全兜底,以官方渠道当日公告回填票价、预约、放票和开放时间
A164,龙脊梯田,桂林,开放时间,以官方渠道为准（待核实）,完全兜底,以官方渠道当日公告回填票价、预约、放票和开放时间
A165,象鼻山,桂林,门票与预约,以官方渠道为准（待核实）,完全兜底,以官方渠道当日公告回填票价、预约、放票和开放时间
A165,象鼻山,桂林,开放时间,以官方渠道为准（待核实）,完全兜底,以官方渠道当日公告回填票价、预约、放票和开放时间
A166,两江四湖,桂林,门票与预约,以官方渠道为准（待核实）,完全兜底,以官方渠道当日公告回填票价、预约、放票和开放时间
A166,两江四湖,桂林,开放时间,以官方渠道为准（待核实）,完全兜底,以官方渠道当日公告回填票价、预约、放票和开放时间
A167,十里画廊,桂林,门票与预约,以官方渠道为准（待核实）,完全兜底,以官方渠道当日公告回填票价、预约、放票和开放时间
A167,十里画廊,桂林,开放时间,以官方渠道为准（待核实）,完全兜底,以官方渠道当日公告回填票价、预约、放票和开放时间
A168,兴坪古镇,桂林,门票与预约,以官方渠道为准（待核实）,完全兜底,以官方渠道当日公告回填票价、预约、放票和开放时间
A168,兴坪古镇,桂林,开放时间,以官方渠道为准（待核实）,完全兜底,以官方渠道当日公告回填票价、预约、放票和开放时间
A169,靖江王府,桂林,门票与预约,以官方渠道为准（待核实）,完全兜底,以官方渠道当日公告回填票价、预约、放票和开放时间
A169,靖江王府,桂林,开放时间,以官方渠道为准（待核实）,完全兜底,以官方渠道当日公告回填票价、预约、放票和开放时间
A170,尧山景区,桂林,门票与预约,以官方渠道为准（待核实）,完全兜底,以官方渠道当日公告回填票价、预约、放票和开放时间
A170,尧山景区,桂林,开放时间,以官方渠道为准（待核实）,完全兜底,以官方渠道当日公告回填票价、预约、放票和开放时间
A223,东湖绿道,武汉,门票与预约,以官方渠道为准（待核实）,完全兜底,以官方渠道当日公告回填票价、预约、放票和开放时间
A223,东湖绿道,武汉,开放时间,以官方渠道为准（待核实）,完全兜底,以官方渠道当日公告回填票价、预约、放票和开放时间
A224,武汉大学,武汉,门票与预约,以官方渠道为准（待核实）,完全兜底,以官方渠道当日公告回填票价、预约、放票和开放时间
A224,武汉大学,武汉,开放时间,以官方渠道为准（待核实）,完全兜底,以官方渠道当日公告回填票价、预约、放票和开放时间
A225,长江大桥,武汉,门票与预约,以官方渠道为准（待核实）,完全兜底,以官方渠道当日公告回填票价、预约、放票和开放时间
A225,长江大桥,武汉,开放时间,以官方渠道为准（待核实）,完全兜底,以官方渠道当日公告回填票价、预约、放票和开放时间
A226,户部巷,武汉,门票与预约,以官方渠道为准（待核实）,完全兜底,以官方渠道当日公告回填票价、预约、放票和开放时间
A226,户部巷,武汉,开放时间,以官方渠道为准（待核实）,完全兜底,以官方渠道当日公告回填票价、预约、放票和开放时间
A227,昙华林,武汉,门票与预约,以官方渠道为准（待核实）,完全兜底,以官方渠道当日公告回填票价、预约、放票和开放时间
A227,昙华林,武汉,开放时间,以官方渠道为准（待核实）,完全兜底,以官方渠道当日公告回填票价、预约、放票和开放时间
A228,楚河汉街,武汉,门票与预约,以官方渠道为准（待核实）,完全兜底,以官方渠道当日公告回填票价、预约、放票和开放时间
A228,楚河汉街,武汉,开放时间,以官方渠道为准（待核实）,完全兜底,以官方渠道当日公告回填票价、预约、放票和开放时间
A229,汉口江滩,武汉,门票与预约,以官方渠道为准（待核实）,完全兜底,以官方渠道当日公告回填票价、预约、放票和开放时间
A229,汉口江滩,武汉,开放时间,以官方渠道为准（待核实）,完全兜底,以官方渠道当日公告回填票价、预约、放票和开放时间
A230,归元禅寺,武汉,门票与预约,以官方渠道为准（待核实）,完全兜底,以官方渠道当日公告回填票价、预约、放票和开放时间
A230,归元禅寺,武汉,开放时间,以官方渠道为准（待核实）,完全兜底,以官方渠道当日公告回填票价、预约、放票和开放时间
A041,开元寺,泉州,门票与预约,以官方渠道为准（待核实）,完全兜底,以官方渠道当日公告回填票价、预约、放票和开放时间
A041,开元寺,泉州,开放时间,以官方渠道为准（待核实）,完全兜底,以官方渠道当日公告回填票价、预约、放票和开放时间
A042,西街,泉州,门票与预约,以官方渠道为准（待核实）,完全兜底,以官方渠道当日公告回填票价、预约、放票和开放时间
A042,西街,泉州,开放时间,以官方渠道为准（待核实）,完全兜底,以官方渠道当日公告回填票价、预约、放票和开放时间
A043,府文庙,泉州,门票与预约,以官方渠道为准（待核实）,完全兜底,以官方渠道当日公告回填票价、预约、放票和开放时间
A043,府文庙,泉州,开放时间,以官方渠道为准（待核实）,完全兜底,以官方渠道当日公告回填票价、预约、放票和开放时间
A044,清净寺,泉州,门票与预约,以官方渠道为准（待核实）,完全兜底,以官方渠道当日公告回填票价、预约、放票和开放时间
A044,清净寺,泉州,开放时间,以官方渠道为准（待核实）,完全兜底,以官方渠道当日公告回填票价、预约、放票和开放时间
A045,天后宫,泉州,门票与预约,以官方渠道为准（待核实）,完全兜底,以官方渠道当日公告回填票价、预约、放票和开放时间
A045,天后宫,泉州,开放时间,以官方渠道为准（待核实）,完全兜底,以官方渠道当日公告回填票价、预约、放票和开放时间
A046,清源山,泉州,门票与预约,以官方渠道为准（待核实）,完全兜底,以官方渠道当日公告回填票价、预约、放票和开放时间
A046,清源山,泉州,开放时间,以官方渠道为准（待核实）,完全兜底,以官方渠道当日公告回填票价、预约、放票和开放时间
A047,蟳埔村,泉州,门票与预约,以官方渠道为准（待核实）,完全兜底,以官方渠道当日公告回填票价、预约、放票和开放时间
A047,蟳埔村,泉州,开放时间,以官方渠道为准（待核实）,完全兜底,以官方渠道当日公告回填票价、预约、放票和开放时间
A048,中山路,泉州,门票与预约,以官方渠道为准（待核实）,完全兜底,以官方渠道当日公告回填票价、预约、放票和开放时间
A048,中山路,泉州,开放时间,以官方渠道为准（待核实）,完全兜底,以官方渠道当日公告回填票价、预约、放票和开放时间
A049,泉州海外交通史博物馆,泉州,门票与预约,以官方渠道为准（待核实）,完全兜底,以官方渠道当日公告回填票价、预约、放票和开放时间
A049,泉州海外交通史博物馆,泉州,开放时间,以官方渠道为准（待核实）,完全兜底,以官方渠道当日公告回填票价、预约、放票和开放时间
A050,洛阳桥,泉州,门票与预约,以官方渠道为准（待核实）,完全兜底,以官方渠道当日公告回填票价、预约、放票和开放时间
A050,洛阳桥,泉州,开放时间,以官方渠道为准（待核实）,完全兜底,以官方渠道当日公告回填票价、预约、放票和开放时间
A131,龙门石窟,洛阳,门票与预约,以官方渠道为准（待核实）,完全兜底,以官方渠道当日公告回填票价、预约、放票和开放时间
A131,龙门石窟,洛阳,开放时间,以官方渠道为准（待核实）,完全兜底,以官方渠道当日公告回填票价、预约、放票和开放时间
A132,白马寺,洛阳,门票与预约,以官方渠道为准（待核实）,完全兜底,以官方渠道当日公告回填票价、预约、放票和开放时间
A132,白马寺,洛阳,开放时间,以官方渠道为准（待核实）,完全兜底,以官方渠道当日公告回填票价、预约、放票和开放时间
A133,洛阳博物馆,洛阳,门票与预约,以官方渠道为准（待核实）,完全兜底,以官方渠道当日公告回填票价、预约、放票和开放时间
A133,洛阳博物馆,洛阳,开放时间,以官方渠道为准（待核实）,完全兜底,以官方渠道当日公告回填票价、预约、放票和开放时间
A134,洛阳老城十字街,洛阳,门票与预约,以官方渠道为准（待核实）,完全兜底,以官方渠道当日公告回填票价、预约、放票和开放时间
A134,洛阳老城十字街,洛阳,开放时间,以官方渠道为准（待核实）,完全兜底,以官方渠道当日公告回填票价、预约、放票和开放时间
A135,隋唐洛阳城国家遗址公园,洛阳,门票与预约,以官方渠道为准（待核实）,完全兜底,以官方渠道当日公告回填票价、预约、放票和开放时间
A135,隋唐洛阳城国家遗址公园,洛阳,开放时间,以官方渠道为准（待核实）,完全兜底,以官方渠道当日公告回填票价、预约、放票和开放时间
A136,王城公园,洛阳,门票与预约,以官方渠道为准（待核实）,完全兜底,以官方渠道当日公告回填票价、预约、放票和开放时间
A136,王城公园,洛阳,开放时间,以官方渠道为准（待核实）,完全兜底,以官方渠道当日公告回填票价、预约、放票和开放时间
A137,关林,洛阳,门票与预约,以官方渠道为准（待核实）,完全兜底,以官方渠道当日公告回填票价、预约、放票和开放时间
A137,关林,洛阳,开放时间,以官方渠道为准（待核实）,完全兜底,以官方渠道当日公告回填票价、预约、放票和开放时间
A138,洛邑古城,洛阳,门票与预约,以官方渠道为准（待核实）,完全兜底,以官方渠道当日公告回填票价、预约、放票和开放时间
A138,洛邑古城,洛阳,开放时间,以官方渠道为准（待核实）,完全兜底,以官方渠道当日公告回填票价、预约、放票和开放时间
A139,白云山,洛阳,门票与预约,以官方渠道为准（待核实）,完全兜底,以官方渠道当日公告回填票价、预约、放票和开放时间
A139,白云山,洛阳,开放时间,以官方渠道为准（待核实）,完全兜底,以官方渠道当日公告回填票价、预约、放票和开放时间
A140,龙潭大峡谷,洛阳,门票与预约,以官方渠道为准（待核实）,完全兜底,以官方渠道当日公告回填票价、预约、放票和开放时间
A140,龙潭大峡谷,洛阳,开放时间,以官方渠道为准（待核实）,完全兜底,以官方渠道当日公告回填票价、预约、放票和开放时间
A241,潮州古城,潮汕,开放时间,以官方渠道为准（待核实）,完全兜底,以官方渠道当日公告回填票价、预约、放票和开放时间
A242,广济桥,潮汕,门票与预约,以官方渠道为准（待核实）,完全兜底,以官方渠道当日公告回填票价、预约、放票和开放时间
A242,广济桥,潮汕,开放时间,以官方渠道为准（待核实）,完全兜底,以官方渠道当日公告回填票价、预约、放票和开放时间
A243,开元寺,潮汕,门票与预约,以官方渠道为准（待核实）,完全兜底,以官方渠道当日公告回填票价、预约、放票和开放时间
A243,开元寺,潮汕,开放时间,以官方渠道为准（待核实）,完全兜底,以官方渠道当日公告回填票价、预约、放票和开放时间
A244,汕头小公园,潮汕,门票与预约,以官方渠道为准（待核实）,完全兜底,以官方渠道当日公告回填票价、预约、放票和开放时间
A244,汕头小公园,潮汕,开放时间,以官方渠道为准（待核实）,完全兜底,以官方渠道当日公告回填票价、预约、放票和开放时间
A245,南澳岛,潮汕,门票与预约,以官方渠道为准（待核实）,完全兜底,以官方渠道当日公告回填票价、预约、放票和开放时间
A245,南澳岛,潮汕,开放时间,以官方渠道为准（待核实）,完全兜底,以官方渠道当日公告回填票价、预约、放票和开放时间
A246,韩文公祠,潮汕,门票与预约,以官方渠道为准（待核实）,完全兜底,以官方渠道当日公告回填票价、预约、放票和开放时间
A246,韩文公祠,潮汕,开放时间,以官方渠道为准（待核实）,完全兜底,以官方渠道当日公告回填票价、预约、放票和开放时间
A247,石炮台公园,潮汕,门票与预约,以官方渠道为准（待核实）,完全兜底,以官方渠道当日公告回填票价、预约、放票和开放时间
A247,石炮台公园,潮汕,开放时间,以官方渠道为准（待核实）,完全兜底,以官方渠道当日公告回填票价、预约、放票和开放时间
A248,潮汕工夫茶体验,潮汕,门票与预约,以官方渠道为准（待核实）,完全兜底,以官方渠道当日公告回填票价、预约、放票和开放时间
A248,潮汕工夫茶体验,潮汕,开放时间,以官方渠道为准（待核实）,完全兜底,以官方渠道当日公告回填票价、预约、放票和开放时间
A249,礐石风景区,潮汕,门票与预约,以官方渠道为准（待核实）,完全兜底,以官方渠道当日公告回填票价、预约、放票和开放时间
A249,礐石风景区,潮汕,开放时间,以官方渠道为准（待核实）,完全兜底,以官方渠道当日公告回填票价、预约、放票和开放时间
A250,陈慈黉故居,潮汕,门票与预约,以官方渠道为准（待核实）,完全兜底,以官方渠道当日公告回填票价、预约、放票和开放时间
A250,陈慈黉故居,潮汕,开放时间,以官方渠道为准（待核实）,完全兜底,以官方渠道当日公告回填票价、预约、放票和开放时间
A281,拙政园,苏州,门票与预约,以官方渠道为准（待核实）,完全兜底,以官方渠道当日公告回填票价、预约、放票和开放时间
A281,拙政园,苏州,开放时间,以官方渠道为准（待核实）,完全兜底,以官方渠道当日公告回填票价、预约、放票和开放时间
A282,留园,苏州,门票与预约,以官方渠道为准（待核实）,完全兜底,以官方渠道当日公告回填票价、预约、放票和开放时间
A282,留园,苏州,开放时间,以官方渠道为准（待核实）,完全兜底,以官方渠道当日公告回填票价、预约、放票和开放时间
A283,平江路历史街区,苏州,门票与预约,以官方渠道为准（待核实）,完全兜底,以官方渠道当日公告回填票价、预约、放票和开放时间
A283,平江路历史街区,苏州,开放时间,以官方渠道为准（待核实）,完全兜底,以官方渠道当日公告回填票价、预约、放票和开放时间
A284,山塘街,苏州,门票与预约,以官方渠道为准（待核实）,完全兜底,以官方渠道当日公告回填票价、预约、放票和开放时间
A284,山塘街,苏州,开放时间,以官方渠道为准（待核实）,完全兜底,以官方渠道当日公告回填票价、预约、放票和开放时间
A285,虎丘,苏州,门票与预约,以官方渠道为准（待核实）,完全兜底,以官方渠道当日公告回填票价、预约、放票和开放时间
A285,虎丘,苏州,开放时间,以官方渠道为准（待核实）,完全兜底,以官方渠道当日公告回填票价、预约、放票和开放时间
A286,苏州博物馆,苏州,门票与预约,以官方渠道为准（待核实）,完全兜底,以官方渠道当日公告回填票价、预约、放票和开放时间
A286,苏州博物馆,苏州,开放时间,以官方渠道为准（待核实）,完全兜底,以官方渠道当日公告回填票价、预约、放票和开放时间
A287,周庄古镇,苏州,门票与预约,以官方渠道为准（待核实）,完全兜底,以官方渠道当日公告回填票价、预约、放票和开放时间
A287,周庄古镇,苏州,开放时间,以官方渠道为准（待核实）,完全兜底,以官方渠道当日公告回填票价、预约、放票和开放时间
A288,同里古镇,苏州,门票与预约,以官方渠道为准（待核实）,完全兜底,以官方渠道当日公告回填票价、预约、放票和开放时间
A288,同里古镇,苏州,开放时间,以官方渠道为准（待核实）,完全兜底,以官方渠道当日公告回填票价、预约、放票和开放时间
A289,网师园,苏州,门票与预约,以官方渠道为准（待核实）,完全兜底,以官方渠道当日公告回填票价、预约、放票和开放时间
A289,网师园,苏州,开放时间,以官方渠道为准（待核实）,完全兜底,以官方渠道当日公告回填票价、预约、放票和开放时间
A290,金鸡湖,苏州,门票与预约,以官方渠道为准（待核实）,完全兜底,以官方渠道当日公告回填票价、预约、放票和开放时间
A290,金鸡湖,苏州,开放时间,以官方渠道为准（待核实）,完全兜底,以官方渠道当日公告回填票价、预约、放票和开放时间
A171,告庄西双景,西双版纳,门票与预约,以官方渠道为准（待核实）,完全兜底,以官方渠道当日公告回填票价、预约、放票和开放时间
A171,告庄西双景,西双版纳,开放时间,以官方渠道为准（待核实）,完全兜底,以官方渠道当日公告回填票价、预约、放票和开放时间
A172,中科院西双版纳热带植物园,西双版纳,门票与预约,以官方渠道为准（待核实）,完全兜底,以官方渠道当日公告回填票价、预约、放票和开放时间
A172,中科院西双版纳热带植物园,西双版纳,开放时间,以官方渠道为准（待核实）,完全兜底,以官方渠道当日公告回填票价、预约、放票和开放时间
A173,野象谷,西双版纳,门票与预约,以官方渠道为准（待核实）,完全兜底,以官方渠道当日公告回填票价、预约、放票和开放时间
A173,野象谷,西双版纳,开放时间,以官方渠道为准（待核实）,完全兜底,以官方渠道当日公告回填票价、预约、放票和开放时间
A174,傣族园,西双版纳,门票与预约,以官方渠道为准（待核实）,完全兜底,以官方渠道当日公告回填票价、预约、放票和开放时间
A174,傣族园,西双版纳,开放时间,以官方渠道为准（待核实）,完全兜底,以官方渠道当日公告回填票价、预约、放票和开放时间
A175,原始森林公园,西双版纳,门票与预约,以官方渠道为准（待核实）,完全兜底,以官方渠道当日公告回填票价、预约、放票和开放时间
A175,原始森林公园,西双版纳,开放时间,以官方渠道为准（待核实）,完全兜底,以官方渠道当日公告回填票价、预约、放票和开放时间
A176,曼听公园,西双版纳,门票与预约,以官方渠道为准（待核实）,完全兜底,以官方渠道当日公告回填票价、预约、放票和开放时间
A176,曼听公园,西双版纳,开放时间,以官方渠道为准（待核实）,完全兜底,以官方渠道当日公告回填票价、预约、放票和开放时间
A177,勐泐大佛寺,西双版纳,门票与预约,以官方渠道为准（待核实）,完全兜底,以官方渠道当日公告回填票价、预约、放票和开放时间
A177,勐泐大佛寺,西双版纳,开放时间,以官方渠道为准（待核实）,完全兜底,以官方渠道当日公告回填票价、预约、放票和开放时间
A178,澜沧江夜游,西双版纳,门票与预约,以官方渠道为准（待核实）,完全兜底,以官方渠道当日公告回填票价、预约、放票和开放时间
A178,澜沧江夜游,西双版纳,开放时间,以官方渠道为准（待核实）,完全兜底,以官方渠道当日公告回填票价、预约、放票和开放时间
A179,望天树景区,西双版纳,门票与预约,以官方渠道为准（待核实）,完全兜底,以官方渠道当日公告回填票价、预约、放票和开放时间
A179,望天树景区,西双版纳,开放时间,以官方渠道为准（待核实）,完全兜底,以官方渠道当日公告回填票价、预约、放票和开放时间
A180,勐远仙境,西双版纳,门票与预约,以官方渠道为准（待核实）,完全兜底,以官方渠道当日公告回填票价、预约、放票和开放时间
A180,勐远仙境,西双版纳,开放时间,以官方渠道为准（待核实）,完全兜底,以官方渠道当日公告回填票价、预约、放票和开放时间
A071,青海湖,西宁-青海湖,门票与预约,以官方渠道为准（待核实）,完全兜底,以官方渠道当日公告回填票价、预约、放票和开放时间
A071,青海湖,西宁-青海湖,开放时间,以官方渠道为准（待核实）,完全兜底,以官方渠道当日公告回填票价、预约、放票和开放时间
A072,茶卡盐湖,西宁-青海湖,门票与预约,以官方渠道为准（待核实）,完全兜底,以官方渠道当日公告回填票价、预约、放票和开放时间
A072,茶卡盐湖,西宁-青海湖,开放时间,以官方渠道为准（待核实）,完全兜底,以官方渠道当日公告回填票价、预约、放票和开放时间
A073,塔尔寺,西宁-青海湖,门票与预约,以官方渠道为准（待核实）,完全兜底,以官方渠道当日公告回填票价、预约、放票和开放时间
A073,塔尔寺,西宁-青海湖,开放时间,以官方渠道为准（待核实）,完全兜底,以官方渠道当日公告回填票价、预约、放票和开放时间
A074,日月山,西宁-青海湖,门票与预约,以官方渠道为准（待核实）,完全兜底,以官方渠道当日公告回填票价、预约、放票和开放时间
A074,日月山,西宁-青海湖,开放时间,以官方渠道为准（待核实）,完全兜底,以官方渠道当日公告回填票价、预约、放票和开放时间
A075,门源油菜花,西宁-青海湖,门票与预约,以官方渠道为准（待核实）,完全兜底,以官方渠道当日公告回填票价、预约、放票和开放时间
A075,门源油菜花,西宁-青海湖,开放时间,以官方渠道为准（待核实）,完全兜底,以官方渠道当日公告回填票价、预约、放票和开放时间
A076,祁连山,西宁-青海湖,门票与预约,以官方渠道为准（待核实）,完全兜底,以官方渠道当日公告回填票价、预约、放票和开放时间
A076,祁连山,西宁-青海湖,开放时间,以官方渠道为准（待核实）,完全兜底,以官方渠道当日公告回填票价、预约、放票和开放时间
A077,黑马河,西宁-青海湖,门票与预约,以官方渠道为准（待核实）,完全兜底,以官方渠道当日公告回填票价、预约、放票和开放时间
A077,黑马河,西宁-青海湖,开放时间,以官方渠道为准（待核实）,完全兜底,以官方渠道当日公告回填票价、预约、放票和开放时间
A078,西宁东关清真大寺,西宁-青海湖,门票与预约,以官方渠道为准（待核实）,完全兜底,以官方渠道当日公告回填票价、预约、放票和开放时间
A078,西宁东关清真大寺,西宁-青海湖,开放时间,以官方渠道为准（待核实）,完全兜底,以官方渠道当日公告回填票价、预约、放票和开放时间
A079,卓尔山,西宁-青海湖,门票与预约,以官方渠道为准（待核实）,完全兜底,以官方渠道当日公告回填票价、预约、放票和开放时间
A079,卓尔山,西宁-青海湖,开放时间,以官方渠道为准（待核实）,完全兜底,以官方渠道当日公告回填票价、预约、放票和开放时间
A080,龙羊峡,西宁-青海湖,门票与预约,以官方渠道为准（待核实）,完全兜底,以官方渠道当日公告回填票价、预约、放票和开放时间
A080,龙羊峡,西宁-青海湖,开放时间,以官方渠道为准（待核实）,完全兜底,以官方渠道当日公告回填票价、预约、放票和开放时间
A324,西安城墙,西安,门票与预约,以官方渠道为准（待核实）,完全兜底,以官方渠道当日公告回填票价、预约、放票和开放时间
A324,西安城墙,西安,开放时间,以官方渠道为准（待核实）,完全兜底,以官方渠道当日公告回填票价、预约、放票和开放时间
A325,回民街,西安,门票与预约,以官方渠道为准（待核实）,完全兜底,以官方渠道当日公告回填票价、预约、放票和开放时间
A325,回民街,西安,开放时间,以官方渠道为准（待核实）,完全兜底,以官方渠道当日公告回填票价、预约、放票和开放时间
A326,华清宫,西安,门票与预约,以官方渠道为准（待核实）,完全兜底,以官方渠道当日公告回填票价、预约、放票和开放时间
A326,华清宫,西安,开放时间,以官方渠道为准（待核实）,完全兜底,以官方渠道当日公告回填票价、预约、放票和开放时间
A327,钟鼓楼,西安,门票与预约,以官方渠道为准（待核实）,完全兜底,以官方渠道当日公告回填票价、预约、放票和开放时间
A327,钟鼓楼,西安,开放时间,以官方渠道为准（待核实）,完全兜底,以官方渠道当日公告回填票价、预约、放票和开放时间
A328,大明宫国家遗址公园,西安,门票与预约,以官方渠道为准（待核实）,完全兜底,以官方渠道当日公告回填票价、预约、放票和开放时间
A328,大明宫国家遗址公园,西安,开放时间,以官方渠道为准（待核实）,完全兜底,以官方渠道当日公告回填票价、预约、放票和开放时间
A329,大唐芙蓉园,西安,门票与预约,以官方渠道为准（待核实）,完全兜底,以官方渠道当日公告回填票价、预约、放票和开放时间
A329,大唐芙蓉园,西安,开放时间,以官方渠道为准（待核实）,完全兜底,以官方渠道当日公告回填票价、预约、放票和开放时间
A330,小雁塔,西安,门票与预约,以官方渠道为准（待核实）,完全兜底,以官方渠道当日公告回填票价、预约、放票和开放时间
A330,小雁塔,西安,开放时间,以官方渠道为准（待核实）,完全兜底,以官方渠道当日公告回填票价、预约、放票和开放时间
A151,黄果树瀑布,贵阳,门票与预约,以官方渠道为准（待核实）,完全兜底,以官方渠道当日公告回填票价、预约、放票和开放时间
A151,黄果树瀑布,贵阳,开放时间,以官方渠道为准（待核实）,完全兜底,以官方渠道当日公告回填票价、预约、放票和开放时间
A152,青岩古镇,贵阳,门票与预约,以官方渠道为准（待核实）,完全兜底,以官方渠道当日公告回填票价、预约、放票和开放时间
A152,青岩古镇,贵阳,开放时间,以官方渠道为准（待核实）,完全兜底,以官方渠道当日公告回填票价、预约、放票和开放时间
A153,黔灵山公园,贵阳,门票与预约,以官方渠道为准（待核实）,完全兜底,以官方渠道当日公告回填票价、预约、放票和开放时间
A153,黔灵山公园,贵阳,开放时间,以官方渠道为准（待核实）,完全兜底,以官方渠道当日公告回填票价、预约、放票和开放时间
A154,甲秀楼,贵阳,门票与预约,以官方渠道为准（待核实）,完全兜底,以官方渠道当日公告回填票价、预约、放票和开放时间
A154,甲秀楼,贵阳,开放时间,以官方渠道为准（待核实）,完全兜底,以官方渠道当日公告回填票价、预约、放票和开放时间
A155,青云路夜市,贵阳,门票与预约,以官方渠道为准（待核实）,完全兜底,以官方渠道当日公告回填票价、预约、放票和开放时间
A155,青云路夜市,贵阳,开放时间,以官方渠道为准（待核实）,完全兜底,以官方渠道当日公告回填票价、预约、放票和开放时间
A156,荔波小七孔,贵阳,门票与预约,以官方渠道为准（待核实）,完全兜底,以官方渠道当日公告回填票价、预约、放票和开放时间
A156,荔波小七孔,贵阳,开放时间,以官方渠道为准（待核实）,完全兜底,以官方渠道当日公告回填票价、预约、放票和开放时间
A157,龙宫,贵阳,门票与预约,以官方渠道为准（待核实）,完全兜底,以官方渠道当日公告回填票价、预约、放票和开放时间
A157,龙宫,贵阳,开放时间,以官方渠道为准（待核实）,完全兜底,以官方渠道当日公告回填票价、预约、放票和开放时间
A158,西江千户苗寨,贵阳,门票与预约,以官方渠道为准（待核实）,完全兜底,以官方渠道当日公告回填票价、预约、放票和开放时间
A158,西江千户苗寨,贵阳,开放时间,以官方渠道为准（待核实）,完全兜底,以官方渠道当日公告回填票价、预约、放票和开放时间
A159,花溪公园,贵阳,门票与预约,以官方渠道为准（待核实）,完全兜底,以官方渠道当日公告回填票价、预约、放票和开放时间
A159,花溪公园,贵阳,开放时间,以官方渠道为准（待核实）,完全兜底,以官方渠道当日公告回填票价、预约、放票和开放时间
A160,天河潭,贵阳,门票与预约,以官方渠道为准（待核实）,完全兜底,以官方渠道当日公告回填票价、预约、放票和开放时间
A160,天河潭,贵阳,开放时间,以官方渠道为准（待核实）,完全兜底,以官方渠道当日公告回填票价、预约、放票和开放时间
A301,洪崖洞,重庆,门票与预约,以官方渠道为准（待核实）,完全兜底,以官方渠道当日公告回填票价、预约、放票和开放时间
A301,洪崖洞,重庆,开放时间,以官方渠道为准（待核实）,完全兜底,以官方渠道当日公告回填票价、预约、放票和开放时间
A302,解放碑,重庆,门票与预约,以官方渠道为准（待核实）,完全兜底,以官方渠道当日公告回填票价、预约、放票和开放时间
A302,解放碑,重庆,开放时间,以官方渠道为准（待核实）,完全兜底,以官方渠道当日公告回填票价、预约、放票和开放时间
A303,磁器口古镇,重庆,门票与预约,以官方渠道为准（待核实）,完全兜底,以官方渠道当日公告回填票价、预约、放票和开放时间
A303,磁器口古镇,重庆,开放时间,以官方渠道为准（待核实）,完全兜底,以官方渠道当日公告回填票价、预约、放票和开放时间
A304,长江索道,重庆,门票与预约,以官方渠道为准（待核实）,完全兜底,以官方渠道当日公告回填票价、预约、放票和开放时间
A304,长江索道,重庆,开放时间,以官方渠道为准（待核实）,完全兜底,以官方渠道当日公告回填票价、预约、放票和开放时间
A305,武隆天生三桥,重庆,门票与预约,以官方渠道为准（待核实）,完全兜底,以官方渠道当日公告回填票价、预约、放票和开放时间
A305,武隆天生三桥,重庆,开放时间,以官方渠道为准（待核实）,完全兜底,以官方渠道当日公告回填票价、预约、放票和开放时间
A306,白公馆,重庆,门票与预约,以官方渠道为准（待核实）,完全兜底,以官方渠道当日公告回填票价、预约、放票和开放时间
A306,白公馆,重庆,开放时间,以官方渠道为准（待核实）,完全兜底,以官方渠道当日公告回填票价、预约、放票和开放时间
A307,南山一棵树观景台,重庆,门票与预约,以官方渠道为准（待核实）,完全兜底,以官方渠道当日公告回填票价、预约、放票和开放时间
A307,南山一棵树观景台,重庆,开放时间,以官方渠道为准（待核实）,完全兜底,以官方渠道当日公告回填票价、预约、放票和开放时间
A308,黄桷坪涂鸦一条街,重庆,门票与预约,以官方渠道为准（待核实）,完全兜底,以官方渠道当日公告回填票价、预约、放票和开放时间
A308,黄桷坪涂鸦一条街,重庆,开放时间,以官方渠道为准（待核实）,完全兜底,以官方渠道当日公告回填票价、预约、放票和开放时间
A309,重庆中国三峡博物馆,重庆,门票与预约,以官方渠道为准（待核实）,完全兜底,以官方渠道当日公告回填票价、预约、放票和开放时间
A309,重庆中国三峡博物馆,重庆,开放时间,以官方渠道为准（待核实）,完全兜底,以官方渠道当日公告回填票价、预约、放票和开放时间
A310,南滨路,重庆,门票与预约,以官方渠道为准（待核实）,完全兜底,以官方渠道当日公告回填票价、预约、放票和开放时间
A310,南滨路,重庆,开放时间,以官方渠道为准（待核实）,完全兜底,以官方渠道当日公告回填票价、预约、放票和开放时间
A231,湖南博物院,长沙,门票与预约,以官方渠道为准（待核实）,完全兜底,以官方渠道当日公告回填票价、预约、放票和开放时间
A231,湖南博物院,长沙,开放时间,以官方渠道为准（待核实）,完全兜底,以官方渠道当日公告回填票价、预约、放票和开放时间
A232,橘子洲,长沙,门票与预约,以官方渠道为准（待核实）,完全兜底,以官方渠道当日公告回填票价、预约、放票和开放时间
A232,橘子洲,长沙,开放时间,以官方渠道为准（待核实）,完全兜底,以官方渠道当日公告回填票价、预约、放票和开放时间
A233,岳麓山,长沙,门票与预约,以官方渠道为准（待核实）,完全兜底,以官方渠道当日公告回填票价、预约、放票和开放时间
A233,岳麓山,长沙,开放时间,以官方渠道为准（待核实）,完全兜底,以官方渠道当日公告回填票价、预约、放票和开放时间
A234,岳麓书院,长沙,门票与预约,以官方渠道为准（待核实）,完全兜底,以官方渠道当日公告回填票价、预约、放票和开放时间
A234,岳麓书院,长沙,开放时间,以官方渠道为准（待核实）,完全兜底,以官方渠道当日公告回填票价、预约、放票和开放时间
A235,太平街,长沙,门票与预约,以官方渠道为准（待核实）,完全兜底,以官方渠道当日公告回填票价、预约、放票和开放时间
A235,太平街,长沙,开放时间,以官方渠道为准（待核实）,完全兜底,以官方渠道当日公告回填票价、预约、放票和开放时间
A236,坡子街,长沙,门票与预约,以官方渠道为准（待核实）,完全兜底,以官方渠道当日公告回填票价、预约、放票和开放时间
A236,坡子街,长沙,开放时间,以官方渠道为准（待核实）,完全兜底,以官方渠道当日公告回填票价、预约、放票和开放时间
A237,IFS 国金中心,长沙,门票与预约,以官方渠道为准（待核实）,完全兜底,以官方渠道当日公告回填票价、预约、放票和开放时间
A237,IFS 国金中心,长沙,开放时间,以官方渠道为准（待核实）,完全兜底,以官方渠道当日公告回填票价、预约、放票和开放时间
A238,梅溪湖,长沙,门票与预约,以官方渠道为准（待核实）,完全兜底,以官方渠道当日公告回填票价、预约、放票和开放时间
A238,梅溪湖,长沙,开放时间,以官方渠道为准（待核实）,完全兜底,以官方渠道当日公告回填票价、预约、放票和开放时间
A239,天心阁,长沙,门票与预约,以官方渠道为准（待核实）,完全兜底,以官方渠道当日公告回填票价、预约、放票和开放时间
A239,天心阁,长沙,开放时间,以官方渠道为准（待核实）,完全兜底,以官方渠道当日公告回填票价、预约、放票和开放时间
A240,靖港古镇,长沙,门票与预约,以官方渠道为准（待核实）,完全兜底,以官方渠道当日公告回填票价、预约、放票和开放时间
A240,靖港古镇,长沙,开放时间,以官方渠道为准（待核实）,完全兜底,以官方渠道当日公告回填票价、预约、放票和开放时间
A111,长白山天池,长白山,门票与预约,以官方渠道为准（待核实）,完全兜底,以官方渠道当日公告回填票价、预约、放票和开放时间
A111,长白山天池,长白山,开放时间,以官方渠道为准（待核实）,完全兜底,以官方渠道当日公告回填票价、预约、放票和开放时间
A112,长白瀑布,长白山,门票与预约,以官方渠道为准（待核实）,完全兜底,以官方渠道当日公告回填票价、预约、放票和开放时间
A112,长白瀑布,长白山,开放时间,以官方渠道为准（待核实）,完全兜底,以官方渠道当日公告回填票价、预约、放票和开放时间
A113,聚龙温泉,长白山,门票与预约,以官方渠道为准（待核实）,完全兜底,以官方渠道当日公告回填票价、预约、放票和开放时间
A113,聚龙温泉,长白山,开放时间,以官方渠道为准（待核实）,完全兜底,以官方渠道当日公告回填票价、预约、放票和开放时间
A114,地下森林,长白山,门票与预约,以官方渠道为准（待核实）,完全兜底,以官方渠道当日公告回填票价、预约、放票和开放时间
A114,地下森林,长白山,开放时间,以官方渠道为准（待核实）,完全兜底,以官方渠道当日公告回填票价、预约、放票和开放时间
A115,绿渊潭,长白山,门票与预约,以官方渠道为准（待核实）,完全兜底,以官方渠道当日公告回填票价、预约、放票和开放时间
A115,绿渊潭,长白山,开放时间,以官方渠道为准（待核实）,完全兜底,以官方渠道当日公告回填票价、预约、放票和开放时间
A116,魔界,长白山,门票与预约,以官方渠道为准（待核实）,完全兜底,以官方渠道当日公告回填票价、预约、放票和开放时间
A116,魔界,长白山,开放时间,以官方渠道为准（待核实）,完全兜底,以官方渠道当日公告回填票价、预约、放票和开放时间
A117,二道白河,长白山,门票与预约,以官方渠道为准（待核实）,完全兜底,以官方渠道当日公告回填票价、预约、放票和开放时间
A117,二道白河,长白山,开放时间,以官方渠道为准（待核实）,完全兜底,以官方渠道当日公告回填票价、预约、放票和开放时间
A118,长白山西坡,长白山,门票与预约,以官方渠道为准（待核实）,完全兜底,以官方渠道当日公告回填票价、预约、放票和开放时间
A118,长白山西坡,长白山,开放时间,以官方渠道为准（待核实）,完全兜底,以官方渠道当日公告回填票价、预约、放票和开放时间
A119,长白山自然博物馆,长白山,门票与预约,以官方渠道为准（待核实）,完全兜底,以官方渠道当日公告回填票价、预约、放票和开放时间
A119,长白山自然博物馆,长白山,开放时间,以官方渠道为准（待核实）,完全兜底,以官方渠道当日公告回填票价、预约、放票和开放时间
A120,松江河国家森林公园,长白山,门票与预约,以官方渠道为准（待核实）,完全兜底,以官方渠道当日公告回填票价、预约、放票和开放时间
A120,松江河国家森林公园,长白山,开放时间,以官方渠道为准（待核实）,完全兜底,以官方渠道当日公告回填票价、预约、放票和开放时间
A211,栈桥,青岛,门票与预约,以官方渠道为准（待核实）,完全兜底,以官方渠道当日公告回填票价、预约、放票和开放时间
A211,栈桥,青岛,开放时间,以官方渠道为准（待核实）,完全兜底,以官方渠道当日公告回填票价、预约、放票和开放时间
A212,八大关,青岛,门票与预约,以官方渠道为准（待核实）,完全兜底,以官方渠道当日公告回填票价、预约、放票和开放时间
A212,八大关,青岛,开放时间,以官方渠道为准（待核实）,完全兜底,以官方渠道当日公告回填票价、预约、放票和开放时间
A213,崂山,青岛,门票与预约,以官方渠道为准（待核实）,完全兜底,以官方渠道当日公告回填票价、预约、放票和开放时间
A213,崂山,青岛,开放时间,以官方渠道为准（待核实）,完全兜底,以官方渠道当日公告回填票价、预约、放票和开放时间
A214,青岛啤酒博物馆,青岛,门票与预约,以官方渠道为准（待核实）,完全兜底,以官方渠道当日公告回填票价、预约、放票和开放时间
A214,青岛啤酒博物馆,青岛,开放时间,以官方渠道为准（待核实）,完全兜底,以官方渠道当日公告回填票价、预约、放票和开放时间
A215,劈柴院,青岛,门票与预约,以官方渠道为准（待核实）,完全兜底,以官方渠道当日公告回填票价、预约、放票和开放时间
A215,劈柴院,青岛,开放时间,以官方渠道为准（待核实）,完全兜底,以官方渠道当日公告回填票价、预约、放票和开放时间
A216,小青岛,青岛,门票与预约,以官方渠道为准（待核实）,完全兜底,以官方渠道当日公告回填票价、预约、放票和开放时间
A216,小青岛,青岛,开放时间,以官方渠道为准（待核实）,完全兜底,以官方渠道当日公告回填票价、预约、放票和开放时间
A217,第二海水浴场,青岛,门票与预约,以官方渠道为准（待核实）,完全兜底,以官方渠道当日公告回填票价、预约、放票和开放时间
A217,第二海水浴场,青岛,开放时间,以官方渠道为准（待核实）,完全兜底,以官方渠道当日公告回填票价、预约、放票和开放时间
A218,五四广场,青岛,门票与预约,以官方渠道为准（待核实）,完全兜底,以官方渠道当日公告回填票价、预约、放票和开放时间
A218,五四广场,青岛,开放时间,以官方渠道为准（待核实）,完全兜底,以官方渠道当日公告回填票价、预约、放票和开放时间
A219,青岛天主教堂,青岛,门票与预约,以官方渠道为准（待核实）,完全兜底,以官方渠道当日公告回填票价、预约、放票和开放时间
A219,青岛天主教堂,青岛,开放时间,以官方渠道为准（待核实）,完全兜底,以官方渠道当日公告回填票价、预约、放票和开放时间
A220,青岛海底世界,青岛,门票与预约,以官方渠道为准（待核实）,完全兜底,以官方渠道当日公告回填票价、预约、放票和开放时间
A220,青岛海底世界,青岛,开放时间,以官方渠道为准（待核实）,完全兜底,以官方渠道当日公告回填票价、预约、放票和开放时间
A021,黄山风景区,黄山,门票与预约,以官方渠道为准（待核实）,完全兜底,以官方渠道当日公告回填票价、预约、放票和开放时间
A021,黄山风景区,黄山,开放时间,以官方渠道为准（待核实）,完全兜底,以官方渠道当日公告回填票价、预约、放票和开放时间
A022,迎客松,黄山,门票与预约,以官方渠道为准（待核实）,完全兜底,以官方渠道当日公告回填票价、预约、放票和开放时间
A022,迎客松,黄山,开放时间,以官方渠道为准（待核实）,完全兜底,以官方渠道当日公告回填票价、预约、放票和开放时间
A023,光明顶,黄山,门票与预约,以官方渠道为准（待核实）,完全兜底,以官方渠道当日公告回填票价、预约、放票和开放时间
A023,光明顶,黄山,开放时间,以官方渠道为准（待核实）,完全兜底,以官方渠道当日公告回填票价、预约、放票和开放时间
A024,西海大峡谷,黄山,门票与预约,以官方渠道为准（待核实）,完全兜底,以官方渠道当日公告回填票价、预约、放票和开放时间
A024,西海大峡谷,黄山,开放时间,以官方渠道为准（待核实）,完全兜底,以官方渠道当日公告回填票价、预约、放票和开放时间
A025,飞来石,黄山,门票与预约,以官方渠道为准（待核实）,完全兜底,以官方渠道当日公告回填票价、预约、放票和开放时间
A025,飞来石,黄山,开放时间,以官方渠道为准（待核实）,完全兜底,以官方渠道当日公告回填票价、预约、放票和开放时间
A026,宏村,黄山,门票与预约,以官方渠道为准（待核实）,完全兜底,以官方渠道当日公告回填票价、预约、放票和开放时间
A026,宏村,黄山,开放时间,以官方渠道为准（待核实）,完全兜底,以官方渠道当日公告回填票价、预约、放票和开放时间
A027,西递,黄山,门票与预约,以官方渠道为准（待核实）,完全兜底,以官方渠道当日公告回填票价、预约、放票和开放时间
A027,西递,黄山,开放时间,以官方渠道为准（待核实）,完全兜底,以官方渠道当日公告回填票价、预约、放票和开放时间
A028,屯溪老街,黄山,门票与预约,以官方渠道为准（待核实）,完全兜底,以官方渠道当日公告回填票价、预约、放票和开放时间
A028,屯溪老街,黄山,开放时间,以官方渠道为准（待核实）,完全兜底,以官方渠道当日公告回填票价、预约、放票和开放时间
A029,新安江山水画廊,黄山,门票与预约,以官方渠道为准（待核实）,完全兜底,以官方渠道当日公告回填票价、预约、放票和开放时间
A029,新安江山水画廊,黄山,开放时间,以官方渠道为准（待核实）,完全兜底,以官方渠道当日公告回填票价、预约、放票和开放时间
A030,塔川,黄山,门票与预约,以官方渠道为准（待核实）,完全兜底,以官方渠道当日公告回填票价、预约、放票和开放时间
A030,塔川,黄山,开放时间,以官方渠道为准（待核实）,完全兜底,以官方渠道当日公告回填票价、预约、放票和开放时间
