source_code,source_name,publisher,source_url,source_version,captured_at,captured_by,sha256,archive_path,dedup_rule,note
A/B,5A级旅游景区,文化和旅游部,https://www.mct.gov.cn/tourism/#/list,API目录ID-4/2026-09-04,2026-09-04T14:49+08:00,Codex,319e6f57e3788ed90bfba403264fe4862fe2501ad65b4db898a9bc53c2602131,数据来源/文化和旅游部/content_4.json,官方名称｜省份｜来源目录｜MCT内容ID,文化和旅游部公开名录接口抓取，N0 版本锁定源
H,红色旅游经典景区,文化和旅游部,https://www.mct.gov.cn/tourism/#/list,API目录ID-40/2026-09-04,2026-09-04T14:49+08:00,Codex,4cc34320b47ac51013f458d2e77ab98de6462a492d574aa36d0bc2fd71232a7c,数据来源/文化和旅游部/content_40.json,官方名称｜省份｜来源目录｜MCT内容ID,文化和旅游部公开名录接口抓取，N0 版本锁定源
J,第一批全国乡村旅游重点村,文化和旅游部,https://www.mct.gov.cn/tourism/#/list,API目录ID-36/2026-09-04,2026-09-04T14:49+08:00,Codex,6ff4014b800c3f01c4686b00d3868d28fc8d1c7fa352056b39723255b6b3d24f,数据来源/文化和旅游部/content_36.json,官方名称｜省份｜来源目录｜MCT内容ID,文化和旅游部公开名录接口抓取，N0 版本锁定源
J,第二批全国乡村旅游重点村,文化和旅游部,https://www.mct.gov.cn/tourism/#/list,API目录ID-37/2026-09-04,2026-09-04T14:49+08:00,Codex,52f213b7262afeac938685a393b9af1b64c4a8ceb0b7df102155dc5a7f035173,数据来源/文化和旅游部/content_37.json,官方名称｜省份｜来源目录｜MCT内容ID,文化和旅游部公开名录接口抓取，N0 版本锁定源
J,第三批全国乡村旅游重点村,文化和旅游部,https://www.mct.gov.cn/tourism/#/list,API目录ID-38/2026-09-04,2026-09-04T14:49+08:00,Codex,6f708146eb7e98c02a6c1945c15556088ce0d7b3989dacc5ce448bab80cdda7b,数据来源/文化和旅游部/content_38.json,官方名称｜省份｜来源目录｜MCT内容ID,文化和旅游部公开名录接口抓取，N0 版本锁定源
J,第四批全国乡村旅游重点村,文化和旅游部,https://www.mct.gov.cn/tourism/#/list,API目录ID-43/2026-09-04,2026-09-04T14:49+08:00,Codex,5a8965d24727102c35ce05e6f2e193125cb645391acc17060f55f60db30b31d9,数据来源/文化和旅游部/content_43.json,官方名称｜省份｜来源目录｜MCT内容ID,文化和旅游部公开名录接口抓取，N0 版本锁定源
J,第一批全国乡村旅游重点镇,文化和旅游部,https://www.mct.gov.cn/tourism/#/list,API目录ID-39/2026-09-04,2026-09-04T14:49+08:00,Codex,ca6e21ab5ca68c2b590f16b0916ddd45da7ea9046bfcbc3e58404e7acda78a12,数据来源/文化和旅游部/content_39.json,官方名称｜省份｜来源目录｜MCT内容ID,文化和旅游部公开名录接口抓取，N0 版本锁定源
J,第二批全国乡村旅游重点镇,文化和旅游部,https://www.mct.gov.cn/tourism/#/list,API目录ID-44/2026-09-04,2026-09-04T14:49+08:00,Codex,8059b8e3bd68000c092c7323d33cb70617b08ec7d121f3bde03966cd5f42ad20,数据来源/文化和旅游部/content_44.json,官方名称｜省份｜来源目录｜MCT内容ID,文化和旅游部公开名录接口抓取，N0 版本锁定源
J,国家级旅游度假区,文化和旅游部,https://www.mct.gov.cn/tourism/#/list,API目录ID-56/2026-09-04,2026-09-04T14:49+08:00,Codex,68934ecc485d4bbc999dc95cb08e500d10c4724e4a5b235f0a845506431e4d81,数据来源/文化和旅游部/content_56.json,官方名称｜省份｜来源目录｜MCT内容ID,文化和旅游部公开名录接口抓取，N0 版本锁定源
I,第一批国家级旅游休闲街区,文化和旅游部,https://www.mct.gov.cn/tourism/#/list,API目录ID-49/2026-09-04,2026-09-04T14:49+08:00,Codex,7e6eed612f7543b2f8cb00fb705191b246df1a17ce79bb2899b4fb0b38dfdc6e,数据来源/文化和旅游部/content_49.json,官方名称｜省份｜来源目录｜MCT内容ID,文化和旅游部公开名录接口抓取，N0 版本锁定源
I,第二批国家级旅游休闲街区,文化和旅游部,https://www.mct.gov.cn/tourism/#/list,API目录ID-50/2026-09-04,2026-09-04T14:49+08:00,Codex,d61aca3e24e5db22d1cc5f56c79c0d5fc84074411322cac80f2070c99ed93f2b,数据来源/文化和旅游部/content_50.json,官方名称｜省份｜来源目录｜MCT内容ID,文化和旅游部公开名录接口抓取，N0 版本锁定源
I,第三批国家级旅游休闲街区,文化和旅游部,https://www.mct.gov.cn/tourism/#/list,API目录ID-60/2026-09-04,2026-09-04T14:49+08:00,Codex,f1c15943c271a883105a2680c587ef422ee407264a7370f10114eb13601cc479,数据来源/文化和旅游部/content_60.json,官方名称｜省份｜来源目录｜MCT内容ID,文化和旅游部公开名录接口抓取，N0 版本锁定源
I,第四批国家级旅游休闲街区,文化和旅游部,https://www.mct.gov.cn/tourism/#/list,API目录ID-61/2026-09-04,2026-09-04T14:49+08:00,Codex,4bfb30b09d7b3bed8384d12d01b211da4543157d43a7cd290130a64a819cfc7c,数据来源/文化和旅游部/content_61.json,官方名称｜省份｜来源目录｜MCT内容ID,文化和旅游部公开名录接口抓取，N0 版本锁定源
J,第一批国家级滑雪旅游度假地,文化和旅游部,https://www.mct.gov.cn/tourism/#/list,API目录ID-51/2026-09-04,2026-09-04T14:49+08:00,Codex,8e315e75ff819eac0c4aa4ee00a31c675b8edc90c5fb427ae8d969a84335a413,数据来源/文化和旅游部/content_51.json,官方名称｜省份｜来源目录｜MCT内容ID,文化和旅游部公开名录接口抓取，N0 版本锁定源
J,第二批国家级滑雪旅游度假地,文化和旅游部,https://www.mct.gov.cn/tourism/#/list,API目录ID-52/2026-09-04,2026-09-04T14:49+08:00,Codex,1d39c92f847f8e29e99f9238c7e82b97a68d7eb0e6307b527da839becfc245b9,数据来源/文化和旅游部/content_52.json,官方名称｜省份｜来源目录｜MCT内容ID,文化和旅游部公开名录接口抓取，N0 版本锁定源
J,第三批国家级滑雪旅游度假地,文化和旅游部,https://www.mct.gov.cn/tourism/#/list,API目录ID-59/2026-09-04,2026-09-04T14:49+08:00,Codex,76d09e00a5f7b2c1b0880ca55128945ebf42c9c76019848079c2401b4dfae752,数据来源/文化和旅游部/content_59.json,官方名称｜省份｜来源目录｜MCT内容ID,文化和旅游部公开名录接口抓取，N0 版本锁定源
J,国家工业旅游示范基地,文化和旅游部,https://www.mct.gov.cn/tourism/#/list,API目录ID-54/2026-09-04,2026-09-04T14:49+08:00,Codex,e097d8f62fb3b4b4a021ff159589263ce771c8d5abef408c81deed84de4a3301,数据来源/文化和旅游部/content_54.json,官方名称｜省份｜来源目录｜MCT内容ID,文化和旅游部公开名录接口抓取，N0 版本锁定源
C,全国重点文物保护单位名录查询,国家政务服务平台,http://app.gjzwfw.gov.cn/jmopen/webapp/html5/gjwwjqgzdwwbhdwmlcx/index.html,2026-09-04,2026-09-04T16:20+08:00,Codex,9c4bfd8b8c58bf895a8cf74c3bef40cd9bc80d86571e6a031b0d0eacbd0e91a3,数据来源/国家政务服务平台/col529_index.md,文保编号｜名称｜行政区,国家政务服务平台国家文物局服务页，内含全国重点文物保护单位名录入口
F,全国博物馆名录,国家政务服务平台,http://app.gjzwfw.gov.cn/jmopen/webapp/html5/gjwwjqgbwgmlcxpc/index.html,2026-09-04,2026-09-04T16:20+08:00,Codex,9c4bfd8b8c58bf895a8cf74c3bef40cd9bc80d86571e6a031b0d0eacbd0e91a3,数据来源/国家政务服务平台/col529_index.md,备案编号｜名称｜行政区,国家政务服务平台国家文物局服务页，内含全国博物馆名录入口
G,中国的世界文化遗产,国家文物局,http://www.ncha.gov.cn/col/col2790/index.html,2026-09-04,2026-09-04T16:20+08:00,Codex,fe284fb4fa7e8997fd9f9a2a95058d933902d49dc2689484dfc2256eaa1c22eb,数据来源/国家文物局/col2790_world_heritage.md,UNESCO ID｜官方名称｜中国名称,国家文物局中国的世界文化遗产页面
G,UNESCO World Heritage List - China,UNESCO World Heritage Centre,https://whc.unesco.org/en/statesparties/cn/,2026-09-04,2026-09-04T17:02+08:00,Codex,30f5ea9e38ed9726c6426fe1afaac221f240eab43b2c1e3f490a8db6c11c745f,数据来源/UNESCO/world_heritage_china.md,UNESCO ID｜官方英文名｜中文名,UNESCO 官方中国世界遗产名录页面快照
D/E,国务院关于3省国家级自然保护区和国家级风景名胜区整合优化方案的批复,中国政府网,https://www.gov.cn/zhengce/content/202606/content_7072483.htm,国函〔2026〕53号/2026-06-17,2026-09-04T16:20+08:00,Codex,7d252f3d129e99dacddc22f4e96afbfd8684b201d3d8c4bcfe25ef561f556057,数据来源/中国政府网/2026-06-17_nature_reserve_scenic_area.md,官方名称｜行政区｜发文机关｜文号,国务院批复，D/E 类官方公告原件；完整名录仍待接入
