kb_id,kb_name,kb_city,classification,operational_status,status_source,status_checked_at,status_note
A001,故宫博物院,北京,covered_exact,unknown,待官网核对,2026-09-04,尚未完成官方运营状态核对；如闭园、改造或暂停开放，需保留状态卡
A002,八达岭长城,北京,covered_component,unknown,待官网核对,2026-09-04,尚未完成官方运营状态核对；如闭园、改造或暂停开放，需保留状态卡
A003,天坛公园,北京,covered_exact,unknown,待官网核对,2026-09-04,尚未完成官方运营状态核对；如闭园、改造或暂停开放，需保留状态卡
A004,颐和园,北京,covered_exact,unknown,待官网核对,2026-09-04,尚未完成官方运营状态核对；如闭园、改造或暂停开放，需保留状态卡
A005,圆明园遗址公园,北京,covered_variant,unknown,待官网核对,2026-09-04,尚未完成官方运营状态核对；如闭园、改造或暂停开放，需保留状态卡
A006,中国国家博物馆,北京,covered_exact,unknown,待官网核对,2026-09-04,尚未完成官方运营状态核对；如闭园、改造或暂停开放，需保留状态卡
A007,天安门广场,北京,covered_exact,unknown,待官网核对,2026-09-04,尚未完成官方运营状态核对；如闭园、改造或暂停开放，需保留状态卡
A008,什刹海与南锣鼓巷,北京,experience,unknown,待官网核对,2026-09-04,尚未完成官方运营状态核对；如闭园、改造或暂停开放，需保留状态卡
A009,北海公园,北京,unmatched,unknown,待官网核对,2026-09-04,尚未完成官方运营状态核对；如闭园、改造或暂停开放，需保留状态卡
A010,798艺术区,北京,covered_variant,unknown,待官网核对,2026-09-04,尚未完成官方运营状态核对；如闭园、改造或暂停开放，需保留状态卡
A011,江岭,婺源,pending,unknown,待官网核对,2026-09-04,尚未完成官方运营状态核对；如闭园、改造或暂停开放，需保留状态卡
A012,篁岭,婺源,covered_exact,unknown,待官网核对,2026-09-04,尚未完成官方运营状态核对；如闭园、改造或暂停开放，需保留状态卡
A013,思溪延村,婺源,unmatched,unknown,待官网核对,2026-09-04,尚未完成官方运营状态核对；如闭园、改造或暂停开放，需保留状态卡
A014,李坑,婺源,unmatched,unknown,待官网核对,2026-09-04,尚未完成官方运营状态核对；如闭园、改造或暂停开放，需保留状态卡
A015,汪口,婺源,unmatched,unknown,待官网核对,2026-09-04,尚未完成官方运营状态核对；如闭园、改造或暂停开放，需保留状态卡
A016,江湾,婺源,covered_exact,unknown,待官网核对,2026-09-04,尚未完成官方运营状态核对；如闭园、改造或暂停开放，需保留状态卡
A017,彩虹桥,婺源,unmatched,unknown,待官网核对,2026-09-04,尚未完成官方运营状态核对；如闭园、改造或暂停开放，需保留状态卡
A018,卧龙谷,婺源,unmatched,unknown,待官网核对,2026-09-04,尚未完成官方运营状态核对；如闭园、改造或暂停开放，需保留状态卡
A019,晓起村,婺源,unmatched,unknown,待官网核对,2026-09-04,尚未完成官方运营状态核对；如闭园、改造或暂停开放，需保留状态卡
A020,月亮湾,婺源,unmatched,unknown,待官网核对,2026-09-04,尚未完成官方运营状态核对；如闭园、改造或暂停开放，需保留状态卡
A021,黄山风景区,黄山,covered_exact,unknown,待官网核对,2026-09-04,尚未完成官方运营状态核对；如闭园、改造或暂停开放，需保留状态卡
A026,宏村,黄山,covered_component,unknown,待官网核对,2026-09-04,尚未完成官方运营状态核对；如闭园、改造或暂停开放，需保留状态卡
A027,西递,黄山,covered_component,unknown,待官网核对,2026-09-04,尚未完成官方运营状态核对；如闭园、改造或暂停开放，需保留状态卡
A028,屯溪老街,黄山,unmatched,unknown,待官网核对,2026-09-04,尚未完成官方运营状态核对；如闭园、改造或暂停开放，需保留状态卡
A029,新安江山水画廊,黄山,unmatched,unknown,待官网核对,2026-09-04,尚未完成官方运营状态核对；如闭园、改造或暂停开放，需保留状态卡
A030,塔川,黄山,covered_variant,unknown,待官网核对,2026-09-04,尚未完成官方运营状态核对；如闭园、改造或暂停开放，需保留状态卡
A031,环岛路,平潭,experience,unknown,待官网核对,2026-09-04,尚未完成官方运营状态核对；如闭园、改造或暂停开放，需保留状态卡
A032,北港村,平潭,covered_variant,unknown,待官网核对,2026-09-04,尚未完成官方运营状态核对；如闭园、改造或暂停开放，需保留状态卡
A033,坛南湾,平潭,unmatched,unknown,待官网核对,2026-09-04,尚未完成官方运营状态核对；如闭园、改造或暂停开放，需保留状态卡
A034,龙王头海滨浴场,平潭,unmatched,unknown,待官网核对,2026-09-04,尚未完成官方运营状态核对；如闭园、改造或暂停开放，需保留状态卡
A035,海坛古城,平潭,unmatched,unknown,待官网核对,2026-09-04,尚未完成官方运营状态核对；如闭园、改造或暂停开放，需保留状态卡
A036,长江澳,平潭,unmatched,unknown,待官网核对,2026-09-04,尚未完成官方运营状态核对；如闭园、改造或暂停开放，需保留状态卡
A037,君山,平潭,pending,unknown,待官网核对,2026-09-04,尚未完成官方运营状态核对；如闭园、改造或暂停开放，需保留状态卡
A038,蓝眼泪观测点,平潭,experience,seasonal,本地口径登记,2026-09-04,蓝眼泪为季节性自然现象，观赏受季节、天气和海况影响
A039,将军山,平潭,unmatched,unknown,待官网核对,2026-09-04,尚未完成官方运营状态核对；如闭园、改造或暂停开放，需保留状态卡
A040,石牌洋,平潭,unmatched,unknown,待官网核对,2026-09-04,尚未完成官方运营状态核对；如闭园、改造或暂停开放，需保留状态卡
A041,开元寺,泉州,unmatched,unknown,待官网核对,2026-09-04,尚未完成官方运营状态核对；如闭园、改造或暂停开放，需保留状态卡
A042,西街,泉州,unmatched,unknown,待官网核对,2026-09-04,尚未完成官方运营状态核对；如闭园、改造或暂停开放，需保留状态卡
A043,府文庙,泉州,unmatched,unknown,待官网核对,2026-09-04,尚未完成官方运营状态核对；如闭园、改造或暂停开放，需保留状态卡
A044,清净寺,泉州,unmatched,unknown,待官网核对,2026-09-04,尚未完成官方运营状态核对；如闭园、改造或暂停开放，需保留状态卡
A045,天后宫,泉州,unmatched,unknown,待官网核对,2026-09-04,尚未完成官方运营状态核对；如闭园、改造或暂停开放，需保留状态卡
A046,清源山,泉州,covered_exact,unknown,待官网核对,2026-09-04,尚未完成官方运营状态核对；如闭园、改造或暂停开放，需保留状态卡
A047,蟳埔村,泉州,unmatched,unknown,待官网核对,2026-09-04,尚未完成官方运营状态核对；如闭园、改造或暂停开放，需保留状态卡
A048,中山路,泉州,covered_variant,unknown,待官网核对,2026-09-04,尚未完成官方运营状态核对；如闭园、改造或暂停开放，需保留状态卡
A049,泉州海外交通史博物馆,泉州,unmatched,unknown,待官网核对,2026-09-04,尚未完成官方运营状态核对；如闭园、改造或暂停开放，需保留状态卡
A050,洛阳桥,泉州,unmatched,unknown,待官网核对,2026-09-04,尚未完成官方运营状态核对；如闭园、改造或暂停开放，需保留状态卡
A051,呼伦贝尔大草原,呼伦贝尔,covered_component,unknown,待官网核对,2026-09-04,尚未完成官方运营状态核对；如闭园、改造或暂停开放，需保留状态卡
A052,额尔古纳湿地,呼伦贝尔,unmatched,unknown,待官网核对,2026-09-04,尚未完成官方运营状态核对；如闭园、改造或暂停开放，需保留状态卡
A053,满洲里,呼伦贝尔,experience,unknown,待官网核对,2026-09-04,尚未完成官方运营状态核对；如闭园、改造或暂停开放，需保留状态卡
A055,根河,呼伦贝尔,experience,unknown,待官网核对,2026-09-04,尚未完成官方运营状态核对；如闭园、改造或暂停开放，需保留状态卡
A056,室韦,呼伦贝尔,covered_variant,unknown,待官网核对,2026-09-04,尚未完成官方运营状态核对；如闭园、改造或暂停开放，需保留状态卡
A057,阿尔山,呼伦贝尔,cross_city,unknown,待官网核对,2026-09-04,尚未完成官方运营状态核对；如闭园、改造或暂停开放，需保留状态卡
A058,敖鲁古雅使鹿部落,呼伦贝尔,unmatched,unknown,待官网核对,2026-09-04,尚未完成官方运营状态核对；如闭园、改造或暂停开放，需保留状态卡
A059,套娃广场,呼伦贝尔,unmatched,unknown,待官网核对,2026-09-04,尚未完成官方运营状态核对；如闭园、改造或暂停开放，需保留状态卡
A060,黑山头草原,呼伦贝尔,experience,unknown,待官网核对,2026-09-04,尚未完成官方运营状态核对；如闭园、改造或暂停开放，需保留状态卡
A061,布达拉宫,拉萨,covered_exact,unknown,待官网核对,2026-09-04,尚未完成官方运营状态核对；如闭园、改造或暂停开放，需保留状态卡
A062,大昭寺,拉萨,covered_exact,unknown,待官网核对,2026-09-04,尚未完成官方运营状态核对；如闭园、改造或暂停开放，需保留状态卡
A063,八廓街,拉萨,covered_exact,unknown,待官网核对,2026-09-04,尚未完成官方运营状态核对；如闭园、改造或暂停开放，需保留状态卡
A064,罗布林卡,拉萨,unmatched,unknown,待官网核对,2026-09-04,尚未完成官方运营状态核对；如闭园、改造或暂停开放，需保留状态卡
A065,色拉寺,拉萨,unmatched,unknown,待官网核对,2026-09-04,尚未完成官方运营状态核对；如闭园、改造或暂停开放，需保留状态卡
A066,哲蚌寺,拉萨,unmatched,unknown,待官网核对,2026-09-04,尚未完成官方运营状态核对；如闭园、改造或暂停开放，需保留状态卡
A067,纳木错,拉萨,unmatched,unknown,待官网核对,2026-09-04,尚未完成官方运营状态核对；如闭园、改造或暂停开放，需保留状态卡
A068,羊卓雍措,拉萨,cross_city,unknown,待官网核对,2026-09-04,尚未完成官方运营状态核对；如闭园、改造或暂停开放，需保留状态卡
A069,宗角禄康公园,拉萨,unmatched,unknown,待官网核对,2026-09-04,尚未完成官方运营状态核对；如闭园、改造或暂停开放，需保留状态卡
A070,西藏博物馆,拉萨,unmatched,unknown,待官网核对,2026-09-04,尚未完成官方运营状态核对；如闭园、改造或暂停开放，需保留状态卡
A071,青海湖,西宁-青海湖,covered_exact,unknown,待官网核对,2026-09-04,尚未完成官方运营状态核对；如闭园、改造或暂停开放，需保留状态卡
A072,茶卡盐湖,西宁-青海湖,cross_city,unknown,待官网核对,2026-09-04,尚未完成官方运营状态核对；如闭园、改造或暂停开放，需保留状态卡
A073,塔尔寺,西宁-青海湖,covered_exact,unknown,待官网核对,2026-09-04,尚未完成官方运营状态核对；如闭园、改造或暂停开放，需保留状态卡
A074,日月山,西宁-青海湖,unmatched,unknown,待官网核对,2026-09-04,尚未完成官方运营状态核对；如闭园、改造或暂停开放，需保留状态卡
A075,门源油菜花,西宁-青海湖,cross_city,unknown,待官网核对,2026-09-04,尚未完成官方运营状态核对；如闭园、改造或暂停开放，需保留状态卡
A076,祁连山,西宁-青海湖,cross_city,unknown,待官网核对,2026-09-04,尚未完成官方运营状态核对；如闭园、改造或暂停开放，需保留状态卡
A077,黑马河,西宁-青海湖,cross_city,unknown,待官网核对,2026-09-04,尚未完成官方运营状态核对；如闭园、改造或暂停开放，需保留状态卡
A078,西宁东关清真大寺,西宁-青海湖,unmatched,unknown,待官网核对,2026-09-04,尚未完成官方运营状态核对；如闭园、改造或暂停开放，需保留状态卡
A079,卓尔山,西宁-青海湖,cross_city,unknown,待官网核对,2026-09-04,尚未完成官方运营状态核对；如闭园、改造或暂停开放，需保留状态卡
A080,龙羊峡,西宁-青海湖,cross_city,unknown,待官网核对,2026-09-04,尚未完成官方运营状态核对；如闭园、改造或暂停开放，需保留状态卡
A081,莫高窟,敦煌-嘉峪关,unmatched,unknown,待官网核对,2026-09-04,尚未完成官方运营状态核对；如闭园、改造或暂停开放，需保留状态卡
A082,鸣沙山月牙泉,敦煌-嘉峪关,covered_exact,unknown,待官网核对,2026-09-04,尚未完成官方运营状态核对；如闭园、改造或暂停开放，需保留状态卡
A083,嘉峪关关城,敦煌-嘉峪关,covered_component,unknown,待官网核对,2026-09-04,尚未完成官方运营状态核对；如闭园、改造或暂停开放，需保留状态卡
A084,张掖七彩丹霞,敦煌-嘉峪关,cross_city,unknown,待官网核对,2026-09-04,尚未完成官方运营状态核对；如闭园、改造或暂停开放，需保留状态卡
A085,阳关,敦煌-嘉峪关,unmatched,unknown,待官网核对,2026-09-04,尚未完成官方运营状态核对；如闭园、改造或暂停开放，需保留状态卡
A086,玉门关,敦煌-嘉峪关,unmatched,unknown,待官网核对,2026-09-04,尚未完成官方运营状态核对；如闭园、改造或暂停开放，需保留状态卡
A087,雅丹魔鬼城,敦煌-嘉峪关,unmatched,unknown,待官网核对,2026-09-04,尚未完成官方运营状态核对；如闭园、改造或暂停开放，需保留状态卡
A088,敦煌夜市,敦煌-嘉峪关,covered_variant,unknown,待官网核对,2026-09-04,尚未完成官方运营状态核对；如闭园、改造或暂停开放，需保留状态卡
A089,悬壁长城,敦煌-嘉峪关,covered_component,unknown,待官网核对,2026-09-04,尚未完成官方运营状态核对；如闭园、改造或暂停开放，需保留状态卡
A090,榆林窟,敦煌-嘉峪关,unmatched,unknown,待官网核对,2026-09-04,尚未完成官方运营状态核对；如闭园、改造或暂停开放，需保留状态卡
A091,那拉提草原,伊犁,covered_exact,unknown,待官网核对,2026-09-04,尚未完成官方运营状态核对；如闭园、改造或暂停开放，需保留状态卡
A092,喀拉峻草原,伊犁,covered_exact,unknown,待官网核对,2026-09-04,尚未完成官方运营状态核对；如闭园、改造或暂停开放，需保留状态卡
A093,赛里木湖,伊犁,cross_city,unknown,待官网核对,2026-09-04,尚未完成官方运营状态核对；如闭园、改造或暂停开放，需保留状态卡
A094,果子沟大桥,伊犁,unmatched,unknown,待官网核对,2026-09-04,尚未完成官方运营状态核对；如闭园、改造或暂停开放，需保留状态卡
A095,霍城薰衣草园,伊犁,unmatched,unknown,待官网核对,2026-09-04,尚未完成官方运营状态核对；如闭园、改造或暂停开放，需保留状态卡
A096,伊宁市,伊犁,experience,unknown,待官网核对,2026-09-04,尚未完成官方运营状态核对；如闭园、改造或暂停开放，需保留状态卡
A097,独库公路,伊犁,experience,unknown,待官网核对,2026-09-04,尚未完成官方运营状态核对；如闭园、改造或暂停开放，需保留状态卡
A098,特克斯八卦城,伊犁,unmatched,unknown,待官网核对,2026-09-04,尚未完成官方运营状态核对；如闭园、改造或暂停开放，需保留状态卡
A099,喀赞其民俗旅游区,伊犁,unmatched,unknown,待官网核对,2026-09-04,尚未完成官方运营状态核对；如闭园、改造或暂停开放，需保留状态卡
A100,夏塔旅游区,伊犁,unmatched,unknown,待官网核对,2026-09-04,尚未完成官方运营状态核对；如闭园、改造或暂停开放，需保留状态卡
A101,喀纳斯湖,北疆（乌鲁木齐-喀纳斯）,covered_component,unknown,待官网核对,2026-09-04,尚未完成官方运营状态核对；如闭园、改造或暂停开放，需保留状态卡
A102,禾木村,北疆（乌鲁木齐-喀纳斯）,covered_variant,unknown,待官网核对,2026-09-04,尚未完成官方运营状态核对；如闭园、改造或暂停开放，需保留状态卡
A103,天山天池,北疆（乌鲁木齐-喀纳斯）,covered_exact,unknown,待官网核对,2026-09-04,尚未完成官方运营状态核对；如闭园、改造或暂停开放，需保留状态卡
A104,乌鲁木齐国际大巴扎,北疆（乌鲁木齐-喀纳斯）,covered_variant,unknown,待官网核对,2026-09-04,尚未完成官方运营状态核对；如闭园、改造或暂停开放，需保留状态卡
A105,可可托海,北疆（乌鲁木齐-喀纳斯）,covered_exact,unknown,待官网核对,2026-09-04,尚未完成官方运营状态核对；如闭园、改造或暂停开放，需保留状态卡
A106,白哈巴村,北疆（乌鲁木齐-喀纳斯）,covered_component,unknown,待官网核对,2026-09-04,尚未完成官方运营状态核对；如闭园、改造或暂停开放，需保留状态卡
A107,五彩滩,北疆（乌鲁木齐-喀纳斯）,unmatched,unknown,待官网核对,2026-09-04,尚未完成官方运营状态核对；如闭园、改造或暂停开放，需保留状态卡
A108,赛里木湖,北疆（乌鲁木齐-喀纳斯）,cross_city,unknown,待官网核对,2026-09-04,尚未完成官方运营状态核对；如闭园、改造或暂停开放，需保留状态卡
A109,天山大峡谷,北疆（乌鲁木齐-喀纳斯）,covered_exact,unknown,待官网核对,2026-09-04,尚未完成官方运营状态核对；如闭园、改造或暂停开放，需保留状态卡
A110,可可苏里,北疆（乌鲁木齐-喀纳斯）,unmatched,unknown,待官网核对,2026-09-04,尚未完成官方运营状态核对；如闭园、改造或暂停开放，需保留状态卡
A111,长白山天池,长白山,covered_component,unknown,待官网核对,2026-09-04,尚未完成官方运营状态核对；如闭园、改造或暂停开放，需保留状态卡
A112,长白瀑布,长白山,covered_component,unknown,待官网核对,2026-09-04,尚未完成官方运营状态核对；如闭园、改造或暂停开放，需保留状态卡
A113,聚龙温泉,长白山,covered_component,unknown,待官网核对,2026-09-04,尚未完成官方运营状态核对；如闭园、改造或暂停开放，需保留状态卡
A114,地下森林,长白山,covered_component,unknown,待官网核对,2026-09-04,尚未完成官方运营状态核对；如闭园、改造或暂停开放，需保留状态卡
A115,绿渊潭,长白山,covered_component,unknown,待官网核对,2026-09-04,尚未完成官方运营状态核对；如闭园、改造或暂停开放，需保留状态卡
A116,魔界,长白山,unmatched,unknown,待官网核对,2026-09-04,尚未完成官方运营状态核对；如闭园、改造或暂停开放，需保留状态卡
A117,二道白河,长白山,experience,unknown,待官网核对,2026-09-04,尚未完成官方运营状态核对；如闭园、改造或暂停开放，需保留状态卡
A118,长白山西坡,长白山,covered_component,unknown,待官网核对,2026-09-04,尚未完成官方运营状态核对；如闭园、改造或暂停开放，需保留状态卡
A119,长白山自然博物馆,长白山,unmatched,unknown,待官网核对,2026-09-04,尚未完成官方运营状态核对；如闭园、改造或暂停开放，需保留状态卡
A120,松江河国家森林公园,长白山,unmatched,unknown,待官网核对,2026-09-04,尚未完成官方运营状态核对；如闭园、改造或暂停开放，需保留状态卡
A121,哈尔滨冰雪大世界,哈尔滨,unmatched,seasonal,本地口径登记,2026-09-04,冰雪大世界为季节性项目，开放窗口与运营安排需按官方公告核实
A122,中央大街,哈尔滨,covered_variant,unknown,待官网核对,2026-09-04,尚未完成官方运营状态核对；如闭园、改造或暂停开放，需保留状态卡
A123,圣索菲亚教堂,哈尔滨,unmatched,unknown,待官网核对,2026-09-04,尚未完成官方运营状态核对；如闭园、改造或暂停开放，需保留状态卡
A124,太阳岛,哈尔滨,covered_exact,unknown,待官网核对,2026-09-04,尚未完成官方运营状态核对；如闭园、改造或暂停开放，需保留状态卡
A125,松花江,哈尔滨,unmatched,unknown,待官网核对,2026-09-04,尚未完成官方运营状态核对；如闭园、改造或暂停开放，需保留状态卡
A126,亚布力滑雪场,哈尔滨,covered_variant,seasonal,本地口径登记,2026-09-04,滑雪场具有明显雪季属性，非雪季运营范围需按官方公告核实
A127,东北虎林园,哈尔滨,unmatched,unknown,待官网核对,2026-09-04,尚未完成官方运营状态核对；如闭园、改造或暂停开放，需保留状态卡
A128,伏尔加庄园,哈尔滨,unmatched,unknown,待官网核对,2026-09-04,尚未完成官方运营状态核对；如闭园、改造或暂停开放，需保留状态卡
A129,哈尔滨大剧院,哈尔滨,unmatched,unknown,待官网核对,2026-09-04,尚未完成官方运营状态核对；如闭园、改造或暂停开放，需保留状态卡
A130,群力外滩湿地公园,哈尔滨,unmatched,unknown,待官网核对,2026-09-04,尚未完成官方运营状态核对；如闭园、改造或暂停开放，需保留状态卡
A131,龙门石窟,洛阳,covered_exact,unknown,待官网核对,2026-09-04,尚未完成官方运营状态核对；如闭园、改造或暂停开放，需保留状态卡
A132,白马寺,洛阳,unmatched,unknown,待官网核对,2026-09-04,尚未完成官方运营状态核对；如闭园、改造或暂停开放，需保留状态卡
A133,洛阳博物馆,洛阳,unmatched,unknown,待官网核对,2026-09-04,尚未完成官方运营状态核对；如闭园、改造或暂停开放，需保留状态卡
A134,洛阳老城十字街,洛阳,unmatched,unknown,待官网核对,2026-09-04,尚未完成官方运营状态核对；如闭园、改造或暂停开放，需保留状态卡
A135,隋唐洛阳城国家遗址公园,洛阳,unmatched,unknown,待官网核对,2026-09-04,尚未完成官方运营状态核对；如闭园、改造或暂停开放，需保留状态卡
A136,王城公园,洛阳,unmatched,unknown,待官网核对,2026-09-04,尚未完成官方运营状态核对；如闭园、改造或暂停开放，需保留状态卡
A137,关林,洛阳,unmatched,unknown,待官网核对,2026-09-04,尚未完成官方运营状态核对；如闭园、改造或暂停开放，需保留状态卡
A138,洛邑古城,洛阳,unmatched,unknown,待官网核对,2026-09-04,尚未完成官方运营状态核对；如闭园、改造或暂停开放，需保留状态卡
A139,白云山,洛阳,covered_exact,unknown,待官网核对,2026-09-04,尚未完成官方运营状态核对；如闭园、改造或暂停开放，需保留状态卡
A140,龙潭大峡谷,洛阳,covered_exact,unknown,待官网核对,2026-09-04,尚未完成官方运营状态核对；如闭园、改造或暂停开放，需保留状态卡
A141,张家界国家森林公园,张家界,covered_component,unknown,待官网核对,2026-09-04,尚未完成官方运营状态核对；如闭园、改造或暂停开放，需保留状态卡
A142,天门山,张家界,covered_component,unknown,待官网核对,2026-09-04,尚未完成官方运营状态核对；如闭园、改造或暂停开放，需保留状态卡
A143,大峡谷玻璃桥,张家界,unmatched,unknown,待官网核对,2026-09-04,尚未完成官方运营状态核对；如闭园、改造或暂停开放，需保留状态卡
A144,黄龙洞,张家界,unmatched,unknown,待官网核对,2026-09-04,尚未完成官方运营状态核对；如闭园、改造或暂停开放，需保留状态卡
A145,金鞭溪,张家界,covered_component,unknown,待官网核对,2026-09-04,尚未完成官方运营状态核对；如闭园、改造或暂停开放，需保留状态卡
A146,凤凰古城,张家界,cross_city,unknown,待官网核对,2026-09-04,尚未完成官方运营状态核对；如闭园、改造或暂停开放，需保留状态卡
A147,宝峰湖,张家界,unmatched,unknown,待官网核对,2026-09-04,尚未完成官方运营状态核对；如闭园、改造或暂停开放，需保留状态卡
A148,芙蓉镇,张家界,cross_city,unknown,待官网核对,2026-09-04,尚未完成官方运营状态核对；如闭园、改造或暂停开放，需保留状态卡
A149,黄石寨,张家界,covered_component,unknown,待官网核对,2026-09-04,尚未完成官方运营状态核对；如闭园、改造或暂停开放，需保留状态卡
A150,十里画廊,张家界,covered_component,unknown,待官网核对,2026-09-04,尚未完成官方运营状态核对；如闭园、改造或暂停开放，需保留状态卡
A151,黄果树瀑布,贵阳,cross_city,unknown,待官网核对,2026-09-04,尚未完成官方运营状态核对；如闭园、改造或暂停开放，需保留状态卡
A152,青岩古镇,贵阳,covered_exact,unknown,待官网核对,2026-09-04,尚未完成官方运营状态核对；如闭园、改造或暂停开放，需保留状态卡
A153,黔灵山公园,贵阳,unmatched,unknown,待官网核对,2026-09-04,尚未完成官方运营状态核对；如闭园、改造或暂停开放，需保留状态卡
A154,甲秀楼,贵阳,unmatched,unknown,待官网核对,2026-09-04,尚未完成官方运营状态核对；如闭园、改造或暂停开放，需保留状态卡
A155,青云路夜市,贵阳,covered_variant,unknown,待官网核对,2026-09-04,尚未完成官方运营状态核对；如闭园、改造或暂停开放，需保留状态卡
A156,荔波小七孔,贵阳,cross_city,unknown,待官网核对,2026-09-04,尚未完成官方运营状态核对；如闭园、改造或暂停开放，需保留状态卡
A157,龙宫,贵阳,cross_city,unknown,待官网核对,2026-09-04,尚未完成官方运营状态核对；如闭园、改造或暂停开放，需保留状态卡
A158,西江千户苗寨,贵阳,cross_city,unknown,待官网核对,2026-09-04,尚未完成官方运营状态核对；如闭园、改造或暂停开放，需保留状态卡
A159,花溪公园,贵阳,unmatched,unknown,待官网核对,2026-09-04,尚未完成官方运营状态核对；如闭园、改造或暂停开放，需保留状态卡
A160,天河潭,贵阳,unmatched,unknown,待官网核对,2026-09-04,尚未完成官方运营状态核对；如闭园、改造或暂停开放，需保留状态卡
A161,漓江,桂林,covered_exact,unknown,待官网核对,2026-09-04,尚未完成官方运营状态核对；如闭园、改造或暂停开放，需保留状态卡
A162,阳朔西街,桂林,covered_exact,unknown,待官网核对,2026-09-04,尚未完成官方运营状态核对；如闭园、改造或暂停开放，需保留状态卡
A163,遇龙河,桂林,covered_variant,unknown,待官网核对,2026-09-04,尚未完成官方运营状态核对；如闭园、改造或暂停开放，需保留状态卡
A164,龙脊梯田,桂林,unmatched,unknown,待官网核对,2026-09-04,尚未完成官方运营状态核对；如闭园、改造或暂停开放，需保留状态卡
A165,象鼻山,桂林,covered_component,unknown,待官网核对,2026-09-04,尚未完成官方运营状态核对；如闭园、改造或暂停开放，需保留状态卡
A166,两江四湖,桂林,covered_component,unknown,待官网核对,2026-09-04,尚未完成官方运营状态核对；如闭园、改造或暂停开放，需保留状态卡
A167,十里画廊,桂林,unmatched,unknown,待官网核对,2026-09-04,尚未完成官方运营状态核对；如闭园、改造或暂停开放，需保留状态卡
A168,兴坪古镇,桂林,unmatched,unknown,待官网核对,2026-09-04,尚未完成官方运营状态核对；如闭园、改造或暂停开放，需保留状态卡
A169,靖江王府,桂林,covered_variant,unknown,待官网核对,2026-09-04,尚未完成官方运营状态核对；如闭园、改造或暂停开放，需保留状态卡
A170,尧山景区,桂林,unmatched,unknown,待官网核对,2026-09-04,尚未完成官方运营状态核对；如闭园、改造或暂停开放，需保留状态卡
A171,告庄西双景,西双版纳,unmatched,unknown,待官网核对,2026-09-04,尚未完成官方运营状态核对；如闭园、改造或暂停开放，需保留状态卡
A172,中科院西双版纳热带植物园,西双版纳,covered_exact,unknown,待官网核对,2026-09-04,尚未完成官方运营状态核对；如闭园、改造或暂停开放，需保留状态卡
A173,野象谷,西双版纳,unmatched,unknown,待官网核对,2026-09-04,尚未完成官方运营状态核对；如闭园、改造或暂停开放，需保留状态卡
A174,傣族园,西双版纳,unmatched,unknown,待官网核对,2026-09-04,尚未完成官方运营状态核对；如闭园、改造或暂停开放，需保留状态卡
A175,原始森林公园,西双版纳,unmatched,unknown,待官网核对,2026-09-04,尚未完成官方运营状态核对；如闭园、改造或暂停开放，需保留状态卡
A176,曼听公园,西双版纳,unmatched,unknown,待官网核对,2026-09-04,尚未完成官方运营状态核对；如闭园、改造或暂停开放，需保留状态卡
A177,勐泐大佛寺,西双版纳,unmatched,unknown,待官网核对,2026-09-04,尚未完成官方运营状态核对；如闭园、改造或暂停开放，需保留状态卡
A178,澜沧江夜游,西双版纳,experience,unknown,待官网核对,2026-09-04,尚未完成官方运营状态核对；如闭园、改造或暂停开放，需保留状态卡
A179,望天树景区,西双版纳,unmatched,unknown,待官网核对,2026-09-04,尚未完成官方运营状态核对；如闭园、改造或暂停开放，需保留状态卡
A180,勐远仙境,西双版纳,unmatched,unknown,待官网核对,2026-09-04,尚未完成官方运营状态核对；如闭园、改造或暂停开放，需保留状态卡
A181,洱海,大理-丽江,unmatched,unknown,待官网核对,2026-09-04,尚未完成官方运营状态核对；如闭园、改造或暂停开放，需保留状态卡
A182,大理古城,大理-丽江,covered_variant,unknown,待官网核对,2026-09-04,尚未完成官方运营状态核对；如闭园、改造或暂停开放，需保留状态卡
A183,崇圣寺三塔,大理-丽江,covered_exact,unknown,待官网核对,2026-09-04,尚未完成官方运营状态核对；如闭园、改造或暂停开放，需保留状态卡
A184,丽江古城,大理-丽江,covered_exact,unknown,待官网核对,2026-09-04,尚未完成官方运营状态核对；如闭园、改造或暂停开放，需保留状态卡
A185,玉龙雪山,大理-丽江,covered_exact,unknown,待官网核对,2026-09-04,尚未完成官方运营状态核对；如闭园、改造或暂停开放，需保留状态卡
A186,束河古镇,大理-丽江,unmatched,unknown,待官网核对,2026-09-04,尚未完成官方运营状态核对；如闭园、改造或暂停开放，需保留状态卡
A187,白沙古镇,大理-丽江,unmatched,unknown,待官网核对,2026-09-04,尚未完成官方运营状态核对；如闭园、改造或暂停开放，需保留状态卡
A188,苍山,大理-丽江,unmatched,unknown,待官网核对,2026-09-04,尚未完成官方运营状态核对；如闭园、改造或暂停开放，需保留状态卡
A189,双廊古镇,大理-丽江,covered_variant,unknown,待官网核对,2026-09-04,尚未完成官方运营状态核对；如闭园、改造或暂停开放，需保留状态卡
A190,蓝月谷,大理-丽江,covered_component,unknown,待官网核对,2026-09-04,尚未完成官方运营状态核对；如闭园、改造或暂停开放，需保留状态卡
A191,滇池,昆明,unmatched,unknown,待官网核对,2026-09-04,尚未完成官方运营状态核对；如闭园、改造或暂停开放，需保留状态卡
A192,石林,昆明,covered_exact,unknown,待官网核对,2026-09-04,尚未完成官方运营状态核对；如闭园、改造或暂停开放，需保留状态卡
A193,翠湖与云南大学,昆明,unmatched,unknown,待官网核对,2026-09-04,尚未完成官方运营状态核对；如闭园、改造或暂停开放，需保留状态卡
A194,云南民族村,昆明,unmatched,unknown,待官网核对,2026-09-04,尚未完成官方运营状态核对；如闭园、改造或暂停开放，需保留状态卡
A195,西山,昆明,unmatched,unknown,待官网核对,2026-09-04,尚未完成官方运营状态核对；如闭园、改造或暂停开放，需保留状态卡
A196,昆明老街,昆明,unmatched,unknown,待官网核对,2026-09-04,尚未完成官方运营状态核对；如闭园、改造或暂停开放，需保留状态卡
A197,九乡溶洞,昆明,unmatched,unknown,待官网核对,2026-09-04,尚未完成官方运营状态核对；如闭园、改造或暂停开放，需保留状态卡
A198,金马碧鸡坊,昆明,unmatched,unknown,待官网核对,2026-09-04,尚未完成官方运营状态核对；如闭园、改造或暂停开放，需保留状态卡
A199,大观楼,昆明,unmatched,unknown,待官网核对,2026-09-04,尚未完成官方运营状态核对；如闭园、改造或暂停开放，需保留状态卡
A200,斗南花市,昆明,unmatched,unknown,待官网核对,2026-09-04,尚未完成官方运营状态核对；如闭园、改造或暂停开放，需保留状态卡
A201,亚龙湾,三亚,covered_variant,unknown,待官网核对,2026-09-04,尚未完成官方运营状态核对；如闭园、改造或暂停开放，需保留状态卡
A202,蜈支洲岛,三亚,covered_exact,unknown,待官网核对,2026-09-04,尚未完成官方运营状态核对；如闭园、改造或暂停开放，需保留状态卡
A203,天涯海角,三亚,covered_exact,unknown,待官网核对,2026-09-04,尚未完成官方运营状态核对；如闭园、改造或暂停开放，需保留状态卡
A204,南山文化旅游区,三亚,covered_exact,unknown,待官网核对,2026-09-04,尚未完成官方运营状态核对；如闭园、改造或暂停开放，需保留状态卡
A205,亚龙湾热带天堂森林公园,三亚,unmatched,unknown,待官网核对,2026-09-04,尚未完成官方运营状态核对；如闭园、改造或暂停开放，需保留状态卡
A206,三亚湾,三亚,experience,unknown,待官网核对,2026-09-04,尚未完成官方运营状态核对；如闭园、改造或暂停开放，需保留状态卡
A207,大小洞天,三亚,covered_component,unknown,待官网核对,2026-09-04,尚未完成官方运营状态核对；如闭园、改造或暂停开放，需保留状态卡
A208,海棠湾,三亚,experience,unknown,待官网核对,2026-09-04,尚未完成官方运营状态核对；如闭园、改造或暂停开放，需保留状态卡
A209,大东海旅游区,三亚,unmatched,unknown,待官网核对,2026-09-04,尚未完成官方运营状态核对；如闭园、改造或暂停开放，需保留状态卡
A210,三亚千古情景区,三亚,unmatched,unknown,待官网核对,2026-09-04,尚未完成官方运营状态核对；如闭园、改造或暂停开放，需保留状态卡
A211,栈桥,青岛,unmatched,unknown,待官网核对,2026-09-04,尚未完成官方运营状态核对；如闭园、改造或暂停开放，需保留状态卡
A212,八大关,青岛,unmatched,unknown,待官网核对,2026-09-04,尚未完成官方运营状态核对；如闭园、改造或暂停开放，需保留状态卡
A213,崂山,青岛,covered_exact,unknown,待官网核对,2026-09-04,尚未完成官方运营状态核对；如闭园、改造或暂停开放，需保留状态卡
A214,青岛啤酒博物馆,青岛,covered_variant,unknown,待官网核对,2026-09-04,尚未完成官方运营状态核对；如闭园、改造或暂停开放，需保留状态卡
A215,劈柴院,青岛,unmatched,unknown,待官网核对,2026-09-04,尚未完成官方运营状态核对；如闭园、改造或暂停开放，需保留状态卡
A216,小青岛,青岛,unmatched,unknown,待官网核对,2026-09-04,尚未完成官方运营状态核对；如闭园、改造或暂停开放，需保留状态卡
A217,第二海水浴场,青岛,unmatched,unknown,待官网核对,2026-09-04,尚未完成官方运营状态核对；如闭园、改造或暂停开放，需保留状态卡
A218,五四广场,青岛,unmatched,unknown,待官网核对,2026-09-04,尚未完成官方运营状态核对；如闭园、改造或暂停开放，需保留状态卡
A219,青岛天主教堂,青岛,unmatched,unknown,待官网核对,2026-09-04,尚未完成官方运营状态核对；如闭园、改造或暂停开放，需保留状态卡
A220,青岛海底世界,青岛,unmatched,unknown,待官网核对,2026-09-04,尚未完成官方运营状态核对；如闭园、改造或暂停开放，需保留状态卡
A221,黄鹤楼,武汉,covered_exact,unknown,待官网核对,2026-09-04,尚未完成官方运营状态核对；如闭园、改造或暂停开放，需保留状态卡
A222,湖北省博物馆,武汉,unmatched,unknown,待官网核对,2026-09-04,尚未完成官方运营状态核对；如闭园、改造或暂停开放，需保留状态卡
A223,东湖绿道,武汉,covered_component,unknown,待官网核对,2026-09-04,尚未完成官方运营状态核对；如闭园、改造或暂停开放，需保留状态卡
A224,武汉大学,武汉,unmatched,unknown,待官网核对,2026-09-04,尚未完成官方运营状态核对；如闭园、改造或暂停开放，需保留状态卡
A225,长江大桥,武汉,unmatched,unknown,待官网核对,2026-09-04,尚未完成官方运营状态核对；如闭园、改造或暂停开放，需保留状态卡
A226,户部巷,武汉,unmatched,unknown,待官网核对,2026-09-04,尚未完成官方运营状态核对；如闭园、改造或暂停开放，需保留状态卡
A227,昙华林,武汉,covered_exact,unknown,待官网核对,2026-09-04,尚未完成官方运营状态核对；如闭园、改造或暂停开放，需保留状态卡
A228,楚河汉街,武汉,unmatched,unknown,待官网核对,2026-09-04,尚未完成官方运营状态核对；如闭园、改造或暂停开放，需保留状态卡
A229,汉口江滩,武汉,unmatched,unknown,待官网核对,2026-09-04,尚未完成官方运营状态核对；如闭园、改造或暂停开放，需保留状态卡
A230,归元禅寺,武汉,unmatched,unknown,待官网核对,2026-09-04,尚未完成官方运营状态核对；如闭园、改造或暂停开放，需保留状态卡
A231,湖南博物院,长沙,unmatched,unknown,待官网核对,2026-09-04,尚未完成官方运营状态核对；如闭园、改造或暂停开放，需保留状态卡
A232,橘子洲,长沙,covered_component,unknown,待官网核对,2026-09-04,尚未完成官方运营状态核对；如闭园、改造或暂停开放，需保留状态卡
A233,岳麓山,长沙,covered_component,unknown,待官网核对,2026-09-04,尚未完成官方运营状态核对；如闭园、改造或暂停开放，需保留状态卡
A234,岳麓书院,长沙,unmatched,unknown,待官网核对,2026-09-04,尚未完成官方运营状态核对；如闭园、改造或暂停开放，需保留状态卡
A235,太平街,长沙,covered_exact,unknown,待官网核对,2026-09-04,尚未完成官方运营状态核对；如闭园、改造或暂停开放，需保留状态卡
A236,坡子街,长沙,unmatched,unknown,待官网核对,2026-09-04,尚未完成官方运营状态核对；如闭园、改造或暂停开放，需保留状态卡
A237,IFS 国金中心,长沙,unmatched,unknown,待官网核对,2026-09-04,尚未完成官方运营状态核对；如闭园、改造或暂停开放，需保留状态卡
A238,梅溪湖,长沙,experience,unknown,待官网核对,2026-09-04,尚未完成官方运营状态核对；如闭园、改造或暂停开放，需保留状态卡
A239,天心阁,长沙,unmatched,unknown,待官网核对,2026-09-04,尚未完成官方运营状态核对；如闭园、改造或暂停开放，需保留状态卡
A240,靖港古镇,长沙,unmatched,unknown,待官网核对,2026-09-04,尚未完成官方运营状态核对；如闭园、改造或暂停开放，需保留状态卡
A241,潮州古城,潮汕,unmatched,unknown,待官网核对,2026-09-04,尚未完成官方运营状态核对；如闭园、改造或暂停开放，需保留状态卡
A242,广济桥,潮汕,unmatched,unknown,待官网核对,2026-09-04,尚未完成官方运营状态核对；如闭园、改造或暂停开放，需保留状态卡
A243,开元寺,潮汕,unmatched,unknown,待官网核对,2026-09-04,尚未完成官方运营状态核对；如闭园、改造或暂停开放，需保留状态卡
A244,汕头小公园,潮汕,unmatched,unknown,待官网核对,2026-09-04,尚未完成官方运营状态核对；如闭园、改造或暂停开放，需保留状态卡
A245,南澳岛,潮汕,unmatched,unknown,待官网核对,2026-09-04,尚未完成官方运营状态核对；如闭园、改造或暂停开放，需保留状态卡
A246,韩文公祠,潮汕,unmatched,unknown,待官网核对,2026-09-04,尚未完成官方运营状态核对；如闭园、改造或暂停开放，需保留状态卡
A247,石炮台公园,潮汕,unmatched,unknown,待官网核对,2026-09-04,尚未完成官方运营状态核对；如闭园、改造或暂停开放，需保留状态卡
A248,潮汕工夫茶体验,潮汕,experience,unknown,待官网核对,2026-09-04,尚未完成官方运营状态核对；如闭园、改造或暂停开放，需保留状态卡
A249,礐石风景区,潮汕,unmatched,unknown,待官网核对,2026-09-04,尚未完成官方运营状态核对；如闭园、改造或暂停开放，需保留状态卡
A250,陈慈黉故居,潮汕,unmatched,unknown,待官网核对,2026-09-04,尚未完成官方运营状态核对；如闭园、改造或暂停开放，需保留状态卡
A251,广州塔,广州,unmatched,unknown,待官网核对,2026-09-04,尚未完成官方运营状态核对；如闭园、改造或暂停开放，需保留状态卡
A252,陈家祠,广州,unmatched,unknown,待官网核对,2026-09-04,尚未完成官方运营状态核对；如闭园、改造或暂停开放，需保留状态卡
A253,沙面,广州,unmatched,unknown,待官网核对,2026-09-04,尚未完成官方运营状态核对；如闭园、改造或暂停开放，需保留状态卡
A254,上下九步行街,广州,unmatched,unknown,待官网核对,2026-09-04,尚未完成官方运营状态核对；如闭园、改造或暂停开放，需保留状态卡
A255,珠江新城,广州,experience,unknown,待官网核对,2026-09-04,尚未完成官方运营状态核对；如闭园、改造或暂停开放，需保留状态卡
A256,长隆野生动物世界,广州,covered_component,unknown,待官网核对,2026-09-04,尚未完成官方运营状态核对；如闭园、改造或暂停开放，需保留状态卡
A257,永庆坊,广州,covered_exact,unknown,待官网核对,2026-09-04,尚未完成官方运营状态核对；如闭园、改造或暂停开放，需保留状态卡
A258,白云山,广州,covered_exact,unknown,待官网核对,2026-09-04,尚未完成官方运营状态核对；如闭园、改造或暂停开放，需保留状态卡
A259,北京路步行街,广州,unmatched,unknown,待官网核对,2026-09-04,尚未完成官方运营状态核对；如闭园、改造或暂停开放，需保留状态卡
A260,越秀公园,广州,unmatched,unknown,待官网核对,2026-09-04,尚未完成官方运营状态核对；如闭园、改造或暂停开放，需保留状态卡
A261,鼓浪屿,厦门,covered_exact,unknown,待官网核对,2026-09-04,尚未完成官方运营状态核对；如闭园、改造或暂停开放，需保留状态卡
A262,环岛路,厦门,experience,unknown,待官网核对,2026-09-04,尚未完成官方运营状态核对；如闭园、改造或暂停开放，需保留状态卡
A263,曾厝垵,厦门,unmatched,unknown,待官网核对,2026-09-04,尚未完成官方运营状态核对；如闭园、改造或暂停开放，需保留状态卡
A264,厦门大学,厦门,unmatched,unknown,待官网核对,2026-09-04,尚未完成官方运营状态核对；如闭园、改造或暂停开放，需保留状态卡
A265,沙坡尾,厦门,unmatched,unknown,待官网核对,2026-09-04,尚未完成官方运营状态核对；如闭园、改造或暂停开放，需保留状态卡
A266,南普陀寺,厦门,unmatched,unknown,待官网核对,2026-09-04,尚未完成官方运营状态核对；如闭园、改造或暂停开放，需保留状态卡
A267,胡里山炮台,厦门,unmatched,unknown,待官网核对,2026-09-04,尚未完成官方运营状态核对；如闭园、改造或暂停开放，需保留状态卡
A268,五缘湾湿地公园,厦门,unmatched,unknown,待官网核对,2026-09-04,尚未完成官方运营状态核对；如闭园、改造或暂停开放，需保留状态卡
A269,中山路步行街,厦门,unmatched,unknown,待官网核对,2026-09-04,尚未完成官方运营状态核对；如闭园、改造或暂停开放，需保留状态卡
A270,演武大桥观景平台,厦门,unmatched,unknown,待官网核对,2026-09-04,尚未完成官方运营状态核对；如闭园、改造或暂停开放，需保留状态卡
A271,中山陵,南京,covered_component,unknown,待官网核对,2026-09-04,尚未完成官方运营状态核对；如闭园、改造或暂停开放，需保留状态卡
A272,明孝陵,南京,covered_component,unknown,待官网核对,2026-09-04,尚未完成官方运营状态核对；如闭园、改造或暂停开放，需保留状态卡
A273,南京博物院,南京,unmatched,unknown,待官网核对,2026-09-04,尚未完成官方运营状态核对；如闭园、改造或暂停开放，需保留状态卡
A274,夫子庙与秦淮河,南京,covered_component,unknown,待官网核对,2026-09-04,尚未完成官方运营状态核对；如闭园、改造或暂停开放，需保留状态卡
A275,明城墙,南京,unmatched,unknown,待官网核对,2026-09-04,尚未完成官方运营状态核对；如闭园、改造或暂停开放，需保留状态卡
A276,玄武湖公园,南京,unmatched,unknown,待官网核对,2026-09-04,尚未完成官方运营状态核对；如闭园、改造或暂停开放，需保留状态卡
A277,先锋书店五台山店,南京,unmatched,unknown,待官网核对,2026-09-04,尚未完成官方运营状态核对；如闭园、改造或暂停开放，需保留状态卡
A278,老门东,南京,unmatched,unknown,待官网核对,2026-09-04,尚未完成官方运营状态核对；如闭园、改造或暂停开放，需保留状态卡
A279,鸡鸣寺,南京,unmatched,unknown,待官网核对,2026-09-04,尚未完成官方运营状态核对；如闭园、改造或暂停开放，需保留状态卡
A280,南京眼步行桥,南京,unmatched,unknown,待官网核对,2026-09-04,尚未完成官方运营状态核对；如闭园、改造或暂停开放，需保留状态卡
A281,拙政园,苏州,covered_component,unknown,待官网核对,2026-09-04,尚未完成官方运营状态核对；如闭园、改造或暂停开放，需保留状态卡
A282,留园,苏州,covered_component,unknown,待官网核对,2026-09-04,尚未完成官方运营状态核对；如闭园、改造或暂停开放，需保留状态卡
A283,平江路历史街区,苏州,covered_variant,unknown,待官网核对,2026-09-04,尚未完成官方运营状态核对；如闭园、改造或暂停开放，需保留状态卡
A284,山塘街,苏州,unmatched,unknown,待官网核对,2026-09-04,尚未完成官方运营状态核对；如闭园、改造或暂停开放，需保留状态卡
A285,虎丘,苏州,covered_component,unknown,待官网核对,2026-09-04,尚未完成官方运营状态核对；如闭园、改造或暂停开放，需保留状态卡
A286,苏州博物馆,苏州,unmatched,unknown,待官网核对,2026-09-04,尚未完成官方运营状态核对；如闭园、改造或暂停开放，需保留状态卡
A287,周庄古镇,苏州,covered_exact,unknown,待官网核对,2026-09-04,尚未完成官方运营状态核对；如闭园、改造或暂停开放，需保留状态卡
A288,同里古镇,苏州,covered_exact,unknown,待官网核对,2026-09-04,尚未完成官方运营状态核对；如闭园、改造或暂停开放，需保留状态卡
A289,网师园,苏州,unmatched,unknown,待官网核对,2026-09-04,尚未完成官方运营状态核对；如闭园、改造或暂停开放，需保留状态卡
A290,金鸡湖,苏州,covered_exact,unknown,待官网核对,2026-09-04,尚未完成官方运营状态核对；如闭园、改造或暂停开放，需保留状态卡
A291,西湖,杭州,covered_exact,unknown,待官网核对,2026-09-04,尚未完成官方运营状态核对；如闭园、改造或暂停开放，需保留状态卡
A292,灵隐寺与飞来峰,杭州,unmatched,unknown,待官网核对,2026-09-04,尚未完成官方运营状态核对；如闭园、改造或暂停开放，需保留状态卡
A293,龙井村与梅家坞,杭州,experience,unknown,待官网核对,2026-09-04,尚未完成官方运营状态核对；如闭园、改造或暂停开放，需保留状态卡
A294,京杭大运河杭州段,杭州,unmatched,unknown,待官网核对,2026-09-04,尚未完成官方运营状态核对；如闭园、改造或暂停开放，需保留状态卡
A295,西溪国家湿地公园,杭州,covered_exact,unknown,待官网核对,2026-09-04,尚未完成官方运营状态核对；如闭园、改造或暂停开放，需保留状态卡
A296,胡雪岩故居,杭州,unmatched,unknown,待官网核对,2026-09-04,尚未完成官方运营状态核对；如闭园、改造或暂停开放，需保留状态卡
A297,钱塘江与钱江新城,杭州,experience,unknown,待官网核对,2026-09-04,尚未完成官方运营状态核对；如闭园、改造或暂停开放，需保留状态卡
A298,断桥与白堤,杭州,covered_component,unknown,待官网核对,2026-09-04,尚未完成官方运营状态核对；如闭园、改造或暂停开放，需保留状态卡
A299,河坊街,杭州,covered_variant,unknown,待官网核对,2026-09-04,尚未完成官方运营状态核对；如闭园、改造或暂停开放，需保留状态卡
A300,九溪十八涧,杭州,unmatched,unknown,待官网核对,2026-09-04,尚未完成官方运营状态核对；如闭园、改造或暂停开放，需保留状态卡
A301,洪崖洞,重庆,unmatched,unknown,待官网核对,2026-09-04,尚未完成官方运营状态核对；如闭园、改造或暂停开放，需保留状态卡
A302,解放碑,重庆,unmatched,unknown,待官网核对,2026-09-04,尚未完成官方运营状态核对；如闭园、改造或暂停开放，需保留状态卡
A303,磁器口古镇,重庆,covered_variant,unknown,待官网核对,2026-09-04,尚未完成官方运营状态核对；如闭园、改造或暂停开放，需保留状态卡
A304,长江索道,重庆,unmatched,unknown,待官网核对,2026-09-04,尚未完成官方运营状态核对；如闭园、改造或暂停开放，需保留状态卡
A305,武隆天生三桥,重庆,covered_component,unknown,待官网核对,2026-09-04,尚未完成官方运营状态核对；如闭园、改造或暂停开放，需保留状态卡
A306,白公馆,重庆,unmatched,unknown,待官网核对,2026-09-04,尚未完成官方运营状态核对；如闭园、改造或暂停开放，需保留状态卡
A307,南山一棵树观景台,重庆,unmatched,unknown,待官网核对,2026-09-04,尚未完成官方运营状态核对；如闭园、改造或暂停开放，需保留状态卡
A308,黄桷坪涂鸦一条街,重庆,unmatched,unknown,待官网核对,2026-09-04,尚未完成官方运营状态核对；如闭园、改造或暂停开放，需保留状态卡
A309,重庆中国三峡博物馆,重庆,unmatched,unknown,待官网核对,2026-09-04,尚未完成官方运营状态核对；如闭园、改造或暂停开放，需保留状态卡
A310,南滨路,重庆,unmatched,unknown,待官网核对,2026-09-04,尚未完成官方运营状态核对；如闭园、改造或暂停开放，需保留状态卡
A311,成都大熊猫繁育研究基地,成都,unmatched,unknown,待官网核对,2026-09-04,尚未完成官方运营状态核对；如闭园、改造或暂停开放，需保留状态卡
A312,都江堰,成都,covered_component,unknown,待官网核对,2026-09-04,尚未完成官方运营状态核对；如闭园、改造或暂停开放，需保留状态卡
A313,宽窄巷子,成都,covered_exact,unknown,待官网核对,2026-09-04,尚未完成官方运营状态核对；如闭园、改造或暂停开放，需保留状态卡
A314,武侯祠,成都,covered_component,unknown,待官网核对,2026-09-04,尚未完成官方运营状态核对；如闭园、改造或暂停开放，需保留状态卡
A315,锦里古街,成都,covered_component,unknown,待官网核对,2026-09-04,尚未完成官方运营状态核对；如闭园、改造或暂停开放，需保留状态卡
A316,杜甫草堂,成都,unmatched,unknown,待官网核对,2026-09-04,尚未完成官方运营状态核对；如闭园、改造或暂停开放，需保留状态卡
A317,青城山,成都,covered_component,unknown,待官网核对,2026-09-04,尚未完成官方运营状态核对；如闭园、改造或暂停开放，需保留状态卡
A318,人民公园,成都,unmatched,unknown,待官网核对,2026-09-04,尚未完成官方运营状态核对；如闭园、改造或暂停开放，需保留状态卡
A319,金沙遗址博物馆,成都,unmatched,unknown,待官网核对,2026-09-04,尚未完成官方运营状态核对；如闭园、改造或暂停开放，需保留状态卡
A320,东郊记忆,成都,covered_variant,unknown,待官网核对,2026-09-04,尚未完成官方运营状态核对；如闭园、改造或暂停开放，需保留状态卡
A321,秦始皇帝陵博物院,西安,covered_exact,unknown,待官网核对,2026-09-04,尚未完成官方运营状态核对；如闭园、改造或暂停开放，需保留状态卡
A322,大雁塔与大唐不夜城,西安,covered_component,unknown,待官网核对,2026-09-04,尚未完成官方运营状态核对；如闭园、改造或暂停开放，需保留状态卡
A323,陕西历史博物馆,西安,unmatched,unknown,待官网核对,2026-09-04,尚未完成官方运营状态核对；如闭园、改造或暂停开放，需保留状态卡
A324,西安城墙,西安,covered_component,unknown,待官网核对,2026-09-04,尚未完成官方运营状态核对；如闭园、改造或暂停开放，需保留状态卡
A325,回民街,西安,unmatched,unknown,待官网核对,2026-09-04,尚未完成官方运营状态核对；如闭园、改造或暂停开放，需保留状态卡
A326,华清宫,西安,covered_exact,unknown,待官网核对,2026-09-04,尚未完成官方运营状态核对；如闭园、改造或暂停开放，需保留状态卡
A327,钟鼓楼,西安,unmatched,unknown,待官网核对,2026-09-04,尚未完成官方运营状态核对；如闭园、改造或暂停开放，需保留状态卡
A328,大明宫国家遗址公园,西安,covered_exact,unknown,待官网核对,2026-09-04,尚未完成官方运营状态核对；如闭园、改造或暂停开放，需保留状态卡
A329,大唐芙蓉园,西安,covered_component,unknown,待官网核对,2026-09-04,尚未完成官方运营状态核对；如闭园、改造或暂停开放，需保留状态卡
A330,小雁塔,西安,unmatched,unknown,待官网核对,2026-09-04,尚未完成官方运营状态核对；如闭园、改造或暂停开放，需保留状态卡
A331,外滩,上海,unmatched,unknown,待官网核对,2026-09-04,尚未完成官方运营状态核对；如闭园、改造或暂停开放，需保留状态卡
A332,上海迪士尼乐园,上海,unmatched,unknown,待官网核对,2026-09-04,尚未完成官方运营状态核对；如闭园、改造或暂停开放，需保留状态卡
A333,豫园与城隍庙,上海,unmatched,unknown,待官网核对,2026-09-04,尚未完成官方运营状态核对；如闭园、改造或暂停开放，需保留状态卡
A334,上海博物馆,上海,unmatched,unknown,待官网核对,2026-09-04,尚未完成官方运营状态核对；如闭园、改造或暂停开放，需保留状态卡
A335,陆家嘴,上海,covered_variant,unknown,待官网核对,2026-09-04,尚未完成官方运营状态核对；如闭园、改造或暂停开放，需保留状态卡
A336,多伦路文化名人街,上海,unmatched,unknown,待官网核对,2026-09-04,尚未完成官方运营状态核对；如闭园、改造或暂停开放，需保留状态卡
A337,朱家角古镇,上海,unmatched,unknown,待官网核对,2026-09-04,尚未完成官方运营状态核对；如闭园、改造或暂停开放，需保留状态卡
A338,上海科技馆,上海,covered_exact,unknown,待官网核对,2026-09-04,尚未完成官方运营状态核对；如闭园、改造或暂停开放，需保留状态卡
A339,田子坊,上海,unmatched,unknown,待官网核对,2026-09-04,尚未完成官方运营状态核对；如闭园、改造或暂停开放，需保留状态卡
A340,上海自然博物馆,上海,unmatched,unknown,待官网核对,2026-09-04,尚未完成官方运营状态核对；如闭园、改造或暂停开放，需保留状态卡
A591,贵州省博物馆,贵阳,unmatched,unknown,待官网核对,2026-09-04,尚未完成官方运营状态核对；如闭园、改造或暂停开放，需保留状态卡
A592,张家界土家风情园,张家界,unmatched,unknown,待官网核对,2026-09-04,尚未完成官方运营状态核对；如闭园、改造或暂停开放，需保留状态卡
A593,老君山,洛阳,unmatched,unknown,待官网核对,2026-09-04,尚未完成官方运营状态核对；如闭园、改造或暂停开放，需保留状态卡
A594,中华巴洛克历史文化街区,哈尔滨,unmatched,unknown,待官网核对,2026-09-04,尚未完成官方运营状态核对；如闭园、改造或暂停开放，需保留状态卡
A595,美人松公园,长白山,unmatched,unknown,待官网核对,2026-09-04,尚未完成官方运营状态核对；如闭园、改造或暂停开放，需保留状态卡
A596,新疆维吾尔自治区博物馆,北疆（乌鲁木齐-喀纳斯）,unmatched,unknown,待官网核对,2026-09-04,尚未完成官方运营状态核对；如闭园、改造或暂停开放，需保留状态卡
A621,呼伦湖,呼伦贝尔,unmatched,unknown,待官网核对,2026-09-04,尚未完成官方运营状态核对；如闭园、改造或暂停开放，需保留状态卡
A641,翡翠谷景区,黄山,unmatched,unknown,待官网核对,2026-09-04,尚未完成官方运营状态核对；如闭园、改造或暂停开放，需保留状态卡
A642,徽州古城,黄山,unmatched,unknown,待官网核对,2026-09-04,尚未完成官方运营状态核对；如闭园、改造或暂停开放，需保留状态卡
A643,黄山齐云山,黄山,unmatched,unknown,待官网核对,2026-09-04,尚未完成官方运营状态核对；如闭园、改造或暂停开放，需保留状态卡
A644,黄山九龙瀑,黄山,unmatched,unknown,待官网核对,2026-09-04,尚未完成官方运营状态核对；如闭园、改造或暂停开放，需保留状态卡
