序号,文件,类别,条目数,字节,SHA-256
1,00-数据字典.md,数据字典,0,3214,c101e190a592ff9ab0e102848d21123be3cec2803448d6ee6dd0a7e25b904894
2,01-目的地库.md,目的地库,34,29642,1f7985cc9403615dc0a175db7d507929079f8890b51a8cb075619b84886dff46
3,02-景点库-三亚.md,景点库,10,9005,4b54884adf733b2a0717710170f2d2784ad08ebec1fa2b50b482993ac33e3d28
4,02-景点库-上海.md,景点库,10,9310,c9e06af9af59d1cc2dfd7f05eb71c961f945d827c0ada91740609019534fe5f6
5,02-景点库-伊犁.md,景点库,10,8994,4190aca3183e9a8437339bd9daa1edbf2dc6fb82a6bf3fd50d13aad72c3ef97e
6,02-景点库-北京.md,景点库,10,9163,2a2c4cfec94bbc5dc8aebdb090592edb1b3b0ad4a99a51e403af3233cfc71cdc
7,02-景点库-北疆（乌鲁木齐-喀纳斯）.md,景点库,10,9577,01441dc02e18d795e13a4f43b01b4d818c8824aec55b0087898d6f09f0340429
8,02-景点库-南京.md,景点库,10,8894,73f1d98f814fb203d5216d3440723f7ebfd2a3451b5062bb53cb8859868f3cde
9,02-景点库-厦门.md,景点库,10,8828,ebe49d1a79a8f8f78697f21415cb040a3998b4738b748704e1746fc0d50771b3
10,02-景点库-呼伦贝尔.md,景点库,10,8966,3f2adf6a5331d5bcefddf715dbaf14d4b8726d603078cea03878b16bff546162
11,02-景点库-哈尔滨.md,景点库,10,9119,30a73064500919054bf37cbbbee7ec62ca9b40f6a641ba407707398c196dc02a
12,02-景点库-大理-丽江.md,景点库,10,9048,fa10c279c2c02eeb59bf7fcc2368092f39ef49aa70aef4cda67672b584accbe7
13,02-景点库-婺源.md,景点库,10,8470,893efcbb1c48d4cf6b40190e478c46b74dae046ddd00be7f6e77b45ad5fad1be
14,02-景点库-平潭.md,景点库,10,8533,5d8d597d04e1a5ae316c6578180f48cd488540fb413f0e0d9384f090b7cb3c75
15,02-景点库-广州.md,景点库,10,8834,c39d99bb725d1b71a1f672cc7e2bf9da796fd99bcdbcc0dfbaca779412b777ad
16,02-景点库-张家界.md,景点库,10,8877,12f7d2000bb1592a90a13bb7a9126c52569f9b5bc1264deca4cadeab769e1157
17,02-景点库-成都.md,景点库,10,9070,1d533a9a0588e3825b5d702ed4acbb514a8a1b5080c65778da197705505bc8ff
18,02-景点库-拉萨.md,景点库,10,8783,9a493b06b1c4b5410ce14d711dfb6884fe85b779682dc04c460de29d10bbd8af
19,02-景点库-敦煌-嘉峪关.md,景点库,10,8839,b1ef45ae266863898865aad81e9b50470d8e09e91edec40f5f4b9fa6dcdaab5b
20,02-景点库-昆明.md,景点库,10,8622,83dcbb85298a9d5980a1cefabf49f54494bf95cc8beb56a32b3097ee5b230678
21,02-景点库-杭州.md,景点库,10,8914,0d954d1f9a7ae2279694911f730875b38c3f6a74e4bd58e1293f95547db9de44
22,02-景点库-桂林.md,景点库,10,8663,2225cc457c06ad2630832e46c4f4e972916299a54b9de8d1bff68806b6b126c3
23,02-景点库-武汉.md,景点库,10,8697,29c14dc592b0d3c7d389f5221f5695bb7026f6afcf977a08dbe8905c19b4a07f
24,02-景点库-泉州.md,景点库,10,8371,7e270f5fbc7010baafbcafa9e10a24cbf3a81a6bbe4cfd2f6d21089c741d64d1
25,02-景点库-洛阳.md,景点库,10,8727,dfd163b35a4e40d47a6899619813b6940ebd59514c24b036b9faf2d4a24c6917
26,02-景点库-潮汕.md,景点库,10,8874,b1d6a8032265b915c8a840d71a39e89605988c31aa2f6b703b4809b6a135ad9e
27,02-景点库-苏州.md,景点库,10,8672,cec31e7afbfb17e5cbbbb16f1d0087404235b7452bc42af0e18b18481b7b399b
28,02-景点库-西双版纳.md,景点库,10,8980,749fb3e444ea5e968000346bcc4e665d56bc88d75a1010b98c2a1d339d86bc8d
29,02-景点库-西宁-青海湖.md,景点库,10,9020,7fbc205d3f8429d1d52bacdb2956da49debdbb3e710973650b8881d5bf75f503
30,02-景点库-西安.md,景点库,10,9209,4bc3c156eb0e1753a99edc2b1446bae12ab346d604a89fb28554160c953ebf19
31,02-景点库-贵阳.md,景点库,10,8679,61f11e1f614efbfcaff10fe31afbc9a7e12283f9c21b03bd4e7ba11fd5dbd38c
32,02-景点库-重庆.md,景点库,10,9079,a2478d178ee2ed7278d673504d3b6a38b6403fc9c951bbfd4e954b68367d4b82
33,02-景点库-长沙.md,景点库,10,8687,3bf1054050d7d1bb046095684a1411fbd84181578214324e8d9ab3876a35200d
34,02-景点库-长白山.md,景点库,10,8942,5d6afdf7f4b5d1f4d61dd92f6a7c243b82d39ad71f53e31880da536714a51b9c
35,02-景点库-青岛.md,景点库,10,8772,b65f963843d483e3ce92b857e5dd370a22067e928c96c61899ea83bc14bf2c93
36,02-景点库-黄山.md,景点库,10,8731,a0f56d6f2ff047754eafbfe8d3a63fea32983f558527af9d069f6cab66c2856e
37,03-美食库.md,美食库,120,82180,bd37b8ac04d8085cc5365cba894b4339abb14a838a852f06db5f951c4a43586a
38,04-行程模板库.md,行程模板库,35,22528,14c6155d572c4ca37e3a6b4e918355f3853054776f770bd8f24a7719502da964
39,05-FAQ库.md,FAQ库,30,11730,4f1bec4d40b9a98bef43c54542c03f2c99b87193b7a002d5353e791d9774cd79
40,06-交通住宿库.md,交通住宿库,68,36038,2e04afaefb3e0ff0257044200121230e81d65fe25c8b7de90e571b5bb3bdf0ab
41,07-文化讲解库.md,文化讲解库,34,25642,fc28380ccc34066757bdb81d2f088f81129e8bb3be87e7197f3757cc6473988a
